"","date","year","month","day","maxTemp","minTemp","meanTemp","snoGrnd","precip","wind","site","prop","trt"
"1",2014-06-13,2014,6,13,14.6,0.3,7.5,NA,0,"<31","100",0.952380952380952,1
"2",2014-06-14,2014,6,14,21.6,1.6,11.6,NA,0,"<31","100",0.994444444444444,1
"3",2014-06-15,2014,6,15,20.8,2.4,11.6,NA,0.4,"43","100",0.996527777777778,1
"4",2014-06-16,2014,6,16,7.3,0.9,4.1,NA,0,"43","100",0.999305555555556,1
"5",2014-06-17,2014,6,17,7.7,0.4,4.1,NA,0,"<31","100",0.998611111111111,1
"6",2014-06-18,2014,6,18,11.2,0.2,5.7,NA,0,"<31","100",1,1
"7",2014-06-23,2014,6,23,17.5,2.9,10.2,NA,0,"43","100",1,1
"8",2014-06-24,2014,6,24,19.8,6.8,13.3,NA,0,"<31","100",1,1
"9",2014-07-02,2014,7,2,19.6,7.9,13.8,NA,0,"46","100",1,1
"10",2014-07-03,2014,7,3,19.3,5.9,12.6,NA,0,"39","100",0.995614035087719,1
"11",2014-07-04,2014,7,4,17.7,6.3,12,NA,0,"<31","100",1,1
"12",2014-07-05,2014,7,5,20.5,7.7,14.1,NA,0,"35","100",1,1
"13",2014-07-06,2014,7,6,20.5,8.9,14.7,NA,0,"35","100",1,1
"14",2014-07-07,2014,7,7,17,9.5,13.3,NA,2.4,"43","100",1,1
"15",2014-07-08,2014,7,8,16.8,9.5,13.2,NA,0.2,"33","100",1,1
"16",2014-07-09,2014,7,9,12.4,6.3,9.4,NA,0,"32","100",0.982456140350877,1
"17",2014-07-10,2014,7,10,17.3,4.9,11.1,NA,0,"37","100",1,1
"18",2014-07-11,2014,7,11,7.5,4.4,6,NA,8,"70","100",1,1
"19",2014-07-12,2014,7,12,12.5,4.5,8.5,NA,4,"67","100",1,1
"20",2014-07-13,2014,7,13,18,8.6,13.3,NA,0,"52","100",0.991869918699187,1
"21",2014-06-26,2014,6,26,26.8,5.5,16.2,NA,1,"41","119",0.931142410015649,0
"22",2014-06-26,2014,6,26,26.8,5.5,16.2,NA,1,"41","119",0.931142410015649,1
"23",2014-06-27,2014,6,27,17,4.1,10.6,NA,3.2,"41","119",1,0
"24",2014-06-27,2014,6,27,17,4.1,10.6,NA,3.2,"41","119",1,1
"25",2014-06-28,2014,6,28,8,2.7,5.4,NA,0,"56","119",1,0
"26",2014-06-28,2014,6,28,8,2.7,5.4,NA,0,"56","119",1,1
"27",2014-06-29,2014,6,29,9.1,2.5,5.8,NA,0,"43","119",0.992361111111111,0
"28",2014-06-29,2014,6,29,9.1,2.5,5.8,NA,0,"43","119",0.992361111111111,1
"29",2014-06-30,2014,6,30,17.6,6.1,11.9,NA,0,"39","119",1,0
"30",2014-06-30,2014,6,30,17.6,6.1,11.9,NA,0,"39","119",1,1
"31",2014-07-01,2014,7,1,16.7,5.9,11.3,NA,0,"33","119",0.999305555555556,0
"32",2014-07-01,2014,7,1,16.7,5.9,11.3,NA,0,"33","119",0.999305555555556,1
"33",2014-07-02,2014,7,2,19.6,7.9,13.8,NA,0,"46","119",0.990972222222222,0
"34",2014-07-02,2014,7,2,19.6,7.9,13.8,NA,0,"46","119",0.990972222222222,1
"35",2014-07-03,2014,7,3,19.3,5.9,12.6,NA,0,"39","119",0.983333333333333,0
"36",2014-07-03,2014,7,3,19.3,5.9,12.6,NA,0,"39","119",0.983333333333333,1
"37",2014-07-04,2014,7,4,17.7,6.3,12,NA,0,"<31","119",0.992361111111111,0
"38",2014-07-04,2014,7,4,17.7,6.3,12,NA,0,"<31","119",0.992361111111111,1
"39",2014-07-05,2014,7,5,20.5,7.7,14.1,NA,0,"35","119",0.975,0
"40",2014-07-05,2014,7,5,20.5,7.7,14.1,NA,0,"35","119",0.975,1
"41",2014-07-06,2014,7,6,20.5,8.9,14.7,NA,0,"35","119",0.999305555555556,0
"42",2014-07-06,2014,7,6,20.5,8.9,14.7,NA,0,"35","119",0.999305555555556,1
"43",2014-07-07,2014,7,7,17,9.5,13.3,NA,2.4,"43","119",0.997222222222222,0
"44",2014-07-07,2014,7,7,17,9.5,13.3,NA,2.4,"43","119",0.997222222222222,1
"45",2014-07-08,2014,7,8,16.8,9.5,13.2,NA,0.2,"33","119",0.998611111111111,0
"46",2014-07-08,2014,7,8,16.8,9.5,13.2,NA,0.2,"33","119",0.998611111111111,1
"47",2014-07-09,2014,7,9,12.4,6.3,9.4,NA,0,"32","119",0.994444444444444,0
"48",2014-07-09,2014,7,9,12.4,6.3,9.4,NA,0,"32","119",0.994444444444444,1
"49",2014-07-10,2014,7,10,17.3,4.9,11.1,NA,0,"37","119",0.997222222222222,0
"50",2014-07-10,2014,7,10,17.3,4.9,11.1,NA,0,"37","119",0.997222222222222,1
"51",2014-07-11,2014,7,11,7.5,4.4,6,NA,8,"70","119",1,0
"52",2014-07-11,2014,7,11,7.5,4.4,6,NA,8,"70","119",1,1
"53",2014-07-12,2014,7,12,12.5,4.5,8.5,NA,4,"67","119",0.999305555555556,0
"54",2014-07-12,2014,7,12,12.5,4.5,8.5,NA,4,"67","119",0.999305555555556,1
"55",2014-07-13,2014,7,13,18,8.6,13.3,NA,0,"52","119",1,0
"56",2014-07-13,2014,7,13,18,8.6,13.3,NA,0,"52","119",1,1
"57",2014-07-14,2014,7,14,20.5,8.9,14.7,NA,0,"33","119",1,0
"58",2014-07-14,2014,7,14,20.5,8.9,14.7,NA,0,"33","119",1,1
"59",2014-07-15,2014,7,15,24.6,12.3,18.5,NA,0,"33","119",0.993055555555556,0
"60",2014-07-15,2014,7,15,24.6,12.3,18.5,NA,0,"33","119",0.993055555555556,1
"61",2014-07-16,2014,7,16,15.7,5.6,10.7,NA,0,"35","119",0.990972222222222,0
"62",2014-07-16,2014,7,16,15.7,5.6,10.7,NA,0,"35","119",0.990972222222222,1
"63",2014-07-17,2014,7,17,16.6,6.5,11.6,NA,0.2,"61","119",0.996381182147165,0
"64",2014-07-17,2014,7,17,16.6,6.5,11.6,NA,0.2,"61","119",0.996381182147165,1
"65",2014-07-10,2014,7,10,17.3,4.9,11.1,NA,0,"37","12",0.984210526315789,0
"66",2014-07-11,2014,7,11,7.5,4.4,6,NA,8,"70","12",0.999305555555556,0
"67",2014-07-12,2014,7,12,12.5,4.5,8.5,NA,4,"67","12",0.999305555555556,0
"68",2014-07-13,2014,7,13,18,8.6,13.3,NA,0,"52","12",0.998611111111111,0
"69",2014-07-14,2014,7,14,20.5,8.9,14.7,NA,0,"33","12",0.954497354497355,0
"70",2014-06-08,2014,6,8,5.1,-0.9,2.1,0,1.2,"32","19",0.948635634028893,NA
"71",2014-06-09,2014,6,9,7.2,0.7,4,NA,0.6,"41","19",1,NA
"72",2014-06-10,2014,6,10,8,0.2,4.1,NA,0,"<31","19",0.998613037447989,NA
"73",2014-06-11,2014,6,11,6.5,-1.4,2.6,NA,0,"39","19",1,NA
"74",2014-06-12,2014,6,12,14.5,0.5,7.5,NA,0.2,"44","19",0.998581560283688,NA
"75",2014-06-13,2014,6,13,14.6,0.3,7.5,NA,0,"<31","19",1,NA
"76",2014-07-10,2014,7,10,17.3,4.9,11.1,NA,0,"37","20",0.964285714285714,0
"77",2014-07-10,2014,7,10,17.3,4.9,11.1,NA,0,"37","20",0.964285714285714,1
"78",2014-07-11,2014,7,11,7.5,4.4,6,NA,8,"70","20",1,0
"79",2014-07-11,2014,7,11,7.5,4.4,6,NA,8,"70","20",1,1
"80",2014-07-12,2014,7,12,12.5,4.5,8.5,NA,4,"67","20",0.999035679845709,0
"81",2014-07-12,2014,7,12,12.5,4.5,8.5,NA,4,"67","20",0.999035679845709,1
"82",2014-06-09,2014,6,9,7.2,0.7,4,NA,0.6,"41","28",1,0
"83",2014-06-09,2014,6,9,7.2,0.7,4,NA,0.6,"41","28",1,1
"84",2014-06-09,2014,6,9,7.2,0.7,4,NA,0.6,"41","3",0.812883435582822,NA
"85",2014-06-10,2014,6,10,8,0.2,4.1,NA,0,"<31","3",0.922222222222222,NA
"86",2014-06-11,2014,6,11,6.5,-1.4,2.6,NA,0,"39","3",0.96875,NA
"87",2014-06-12,2014,6,12,14.5,0.5,7.5,NA,0.2,"44","3",0.797916666666667,NA
"88",2014-06-13,2014,6,13,14.6,0.3,7.5,NA,0,"<31","3",0.997916666666667,NA
"89",2014-06-14,2014,6,14,21.6,1.6,11.6,NA,0,"<31","3",0.997916666666667,NA
"90",2014-06-15,2014,6,15,20.8,2.4,11.6,NA,0.4,"43","3",0.988888888888889,NA
"91",2014-06-16,2014,6,16,7.3,0.9,4.1,NA,0,"43","3",0.999305555555556,NA
"92",2014-06-17,2014,6,17,7.7,0.4,4.1,NA,0,"<31","3",1,NA
"93",2014-06-18,2014,6,18,11.2,0.2,5.7,NA,0,"<31","3",0.990277777777778,NA
"94",2014-06-19,2014,6,19,14.4,2.5,8.5,NA,0,"<31","3",0.980555555555556,NA
"95",2014-06-20,2014,6,20,16.1,1.9,9,NA,0,"<31","3",1,NA
"96",2014-06-21,2014,6,21,20.9,2.1,11.5,NA,0,"52","3",1,NA
"97",2014-06-22,2014,6,22,15,3.7,9.4,NA,0,"46","3",1,NA
"98",2014-06-23,2014,6,23,17.5,2.9,10.2,NA,0,"43","3",0.96875,NA
"99",2014-06-24,2014,6,24,19.8,6.8,13.3,NA,0,"<31","3",0.996527777777778,NA
"100",2014-06-25,2014,6,25,21.9,4.3,13.1,NA,0,"33","3",1,NA
"101",2014-06-26,2014,6,26,26.8,5.5,16.2,NA,1,"41","3",0.990972222222222,NA
"102",2014-06-27,2014,6,27,17,4.1,10.6,NA,3.2,"41","3",1,NA
"103",2014-06-28,2014,6,28,8,2.7,5.4,NA,0,"56","3",1,NA
"104",2014-06-29,2014,6,29,9.1,2.5,5.8,NA,0,"43","3",0.999305555555556,NA
"105",2014-06-30,2014,6,30,17.6,6.1,11.9,NA,0,"39","3",1,NA
"106",2014-06-06,2014,6,6,6.3,-2.4,2,NA,0,"37","33",1,0
"107",2014-06-07,2014,6,7,1.6,-0.8,0.4,0,3.4,"63","33",1,0
"108",2014-06-08,2014,6,8,5.1,-0.9,2.1,0,1.2,"32","33",1,0
"109",2014-06-09,2014,6,9,7.2,0.7,4,NA,0.6,"41","33",0.992957746478873,0
"110",2014-06-10,2014,6,10,8,0.2,4.1,NA,0,"<31","33",1,0
"111",2014-06-11,2014,6,11,6.5,-1.4,2.6,NA,0,"39","33",1,0
"112",2014-06-12,2014,6,12,14.5,0.5,7.5,NA,0.2,"44","33",1,0
"113",2014-06-16,2014,6,16,7.3,0.9,4.1,NA,0,"43","33",0.976933514246947,0
"114",2014-06-17,2014,6,17,7.7,0.4,4.1,NA,0,"<31","33",0.979166666666667,0
"115",2014-06-18,2014,6,18,11.2,0.2,5.7,NA,0,"<31","33",0.998611111111111,0
"116",2014-06-19,2014,6,19,14.4,2.5,8.5,NA,0,"<31","33",1,0
"117",2014-06-20,2014,6,20,16.1,1.9,9,NA,0,"<31","33",1,0
"118",2014-06-21,2014,6,21,20.9,2.1,11.5,NA,0,"52","33",0.999305555555556,0
"119",2014-06-22,2014,6,22,15,3.7,9.4,NA,0,"46","33",0.999305555555556,0
"120",2014-06-23,2014,6,23,17.5,2.9,10.2,NA,0,"43","33",0.999305555555556,0
"121",2014-06-24,2014,6,24,19.8,6.8,13.3,NA,0,"<31","33",0.984027777777778,0
"122",2014-06-25,2014,6,25,21.9,4.3,13.1,NA,0,"33","33",0.999305555555556,0
"123",2014-06-26,2014,6,26,26.8,5.5,16.2,NA,1,"41","33",0.984027777777778,0
"124",2014-06-27,2014,6,27,17,4.1,10.6,NA,3.2,"41","33",1,0
"125",2014-06-28,2014,6,28,8,2.7,5.4,NA,0,"56","33",1,0
"126",2014-06-29,2014,6,29,9.1,2.5,5.8,NA,0,"43","33",0.999305555555556,0
"127",2014-06-30,2014,6,30,17.6,6.1,11.9,NA,0,"39","33",0.997916666666667,0
"128",2014-07-01,2014,7,1,16.7,5.9,11.3,NA,0,"33","33",0.997918834547347,0
"129",2014-07-09,2014,7,9,12.4,6.3,9.4,NA,0,"32","33",0.984756097560976,0
"130",2014-07-10,2014,7,10,17.3,4.9,11.1,NA,0,"37","33",0.999305555555556,0
"131",2014-07-11,2014,7,11,7.5,4.4,6,NA,8,"70","33",0.999305555555556,0
"132",2014-07-12,2014,7,12,12.5,4.5,8.5,NA,4,"67","33",0.998611111111111,0
"133",2014-07-13,2014,7,13,18,8.6,13.3,NA,0,"52","33",0.98125,0
"134",2014-07-14,2014,7,14,20.5,8.9,14.7,NA,0,"33","33",0.970138888888889,0
"135",2014-07-15,2014,7,15,24.6,12.3,18.5,NA,0,"33","33",0.970138888888889,0
"136",2014-07-16,2014,7,16,15.7,5.6,10.7,NA,0,"35","33",0.952067669172932,0
"137",2014-06-08,2014,6,8,5.1,-0.9,2.1,0,1.2,"32","35",0.913793103448276,1
"138",2014-06-09,2014,6,9,7.2,0.7,4,NA,0.6,"41","35",0.926388888888889,1
"139",2014-06-10,2014,6,10,8,0.2,4.1,NA,0,"<31","35",0.94297635605007,1
"140",2014-06-11,2014,6,11,6.5,-1.4,2.6,NA,0,"39","35",0.87378640776699,1
"141",2014-06-12,2014,6,12,14.5,0.5,7.5,NA,0.2,"44","35",0.928196147110333,1
"142",2014-06-13,2014,6,13,14.6,0.3,7.5,NA,0,"<31","35",0.972260748959778,1
"143",2014-06-14,2014,6,14,21.6,1.6,11.6,NA,0,"<31","35",0.658932714617169,1
"144",2014-06-22,2014,6,22,15,3.7,9.4,NA,0,"46","35",0.987377279102384,1
"145",2014-06-23,2014,6,23,17.5,2.9,10.2,NA,0,"43","35",1,1
"146",2014-07-02,2014,7,2,19.6,7.9,13.8,NA,0,"46","35",0.949152542372881,1
"147",2014-07-03,2014,7,3,19.3,5.9,12.6,NA,0,"39","35",0.993055555555556,1
"148",2014-07-04,2014,7,4,17.7,6.3,12,NA,0,"<31","35",0.997916666666667,1
"149",2014-07-05,2014,7,5,20.5,7.7,14.1,NA,0,"35","35",0.995833333333333,1
"150",2014-07-06,2014,7,6,20.5,8.9,14.7,NA,0,"35","35",0.997916666666667,1
"151",2014-07-07,2014,7,7,17,9.5,13.3,NA,2.4,"43","35",0.998611111111111,1
"152",2014-07-08,2014,7,8,16.8,9.5,13.2,NA,0.2,"33","35",1,1
"153",2014-06-09,2014,6,9,7.2,0.7,4,NA,0.6,"41","44",0.662613981762918,0
"154",2014-06-10,2014,6,10,8,0.2,4.1,NA,0,"<31","44",0.966666666666667,0
"155",2014-06-11,2014,6,11,6.5,-1.4,2.6,NA,0,"39","44",0.992361111111111,0
"156",2014-06-12,2014,6,12,14.5,0.5,7.5,NA,0.2,"44","44",0.964583333333333,0
"157",2014-06-13,2014,6,13,14.6,0.3,7.5,NA,0,"<31","44",1,0
"158",2014-06-14,2014,6,14,21.6,1.6,11.6,NA,0,"<31","44",0.996527777777778,0
"159",2014-06-15,2014,6,15,20.8,2.4,11.6,NA,0.4,"43","44",0.991666666666667,0
"160",2014-06-16,2014,6,16,7.3,0.9,4.1,NA,0,"43","44",1,0
"161",2014-06-17,2014,6,17,7.7,0.4,4.1,NA,0,"<31","44",1,0
"162",2014-06-18,2014,6,18,11.2,0.2,5.7,NA,0,"<31","44",0.99375,0
"163",2014-06-19,2014,6,19,14.4,2.5,8.5,NA,0,"<31","44",1,0
"164",2014-06-20,2014,6,20,16.1,1.9,9,NA,0,"<31","44",0.999305555555556,0
"165",2014-06-21,2014,6,21,20.9,2.1,11.5,NA,0,"52","44",0.999305555555556,0
"166",2014-06-22,2014,6,22,15,3.7,9.4,NA,0,"46","44",1,0
"167",2014-06-23,2014,6,23,17.5,2.9,10.2,NA,0,"43","44",1,0
"168",2014-06-24,2014,6,24,19.8,6.8,13.3,NA,0,"<31","44",1,0
"169",2014-06-25,2014,6,25,21.9,4.3,13.1,NA,0,"33","44",1,0
"170",2014-06-26,2014,6,26,26.8,5.5,16.2,NA,1,"41","44",1,0
"171",2014-06-27,2014,6,27,17,4.1,10.6,NA,3.2,"41","44",0.997916666666667,0
"172",2014-06-28,2014,6,28,8,2.7,5.4,NA,0,"56","44",1,0
"173",2014-06-29,2014,6,29,9.1,2.5,5.8,NA,0,"43","44",1,0
"174",2014-06-30,2014,6,30,17.6,6.1,11.9,NA,0,"39","44",1,0
"175",2014-07-01,2014,7,1,16.7,5.9,11.3,NA,0,"33","44",1,0
"176",2014-07-02,2014,7,2,19.6,7.9,13.8,NA,0,"46","44",1,0
"177",2014-07-03,2014,7,3,19.3,5.9,12.6,NA,0,"39","44",1,0
"178",2014-07-04,2014,7,4,17.7,6.3,12,NA,0,"<31","44",1,0
"179",2014-07-10,2014,7,10,17.3,4.9,11.1,NA,0,"37","44",0.988976377952756,0
"180",2014-07-11,2014,7,11,7.5,4.4,6,NA,8,"70","44",1,0
"181",2014-07-12,2014,7,12,12.5,4.5,8.5,NA,4,"67","44",1,0
"182",2014-07-13,2014,7,13,18,8.6,13.3,NA,0,"52","44",1,0
"183",2014-07-14,2014,7,14,20.5,8.9,14.7,NA,0,"33","44",0.998885172798216,0
"184",2014-06-05,2014,6,5,4.4,-2.2,1.1,NA,0,"39","47",1,1
"185",2014-06-06,2014,6,6,6.3,-2.4,2,NA,0,"37","47",1,1
"186",2014-06-07,2014,6,7,1.6,-0.8,0.4,0,3.4,"63","47",1,1
"187",2014-06-08,2014,6,8,5.1,-0.9,2.1,0,1.2,"32","47",1,1
"188",2014-06-09,2014,6,9,7.2,0.7,4,NA,0.6,"41","47",1,1
"189",2014-06-10,2014,6,10,8,0.2,4.1,NA,0,"<31","47",1,1
"190",2014-06-11,2014,6,11,6.5,-1.4,2.6,NA,0,"39","47",1,1
"191",2014-06-12,2014,6,12,14.5,0.5,7.5,NA,0.2,"44","47",1,1
"192",2014-06-13,2014,6,13,14.6,0.3,7.5,NA,0,"<31","47",1,1
"193",2014-06-14,2014,6,14,21.6,1.6,11.6,NA,0,"<31","47",1,1
"194",2014-06-15,2014,6,15,20.8,2.4,11.6,NA,0.4,"43","47",1,1
"195",2014-06-16,2014,6,16,7.3,0.9,4.1,NA,0,"43","47",0.982456140350877,1
"196",2014-06-17,2014,6,17,7.7,0.4,4.1,NA,0,"<31","47",0.999305555555556,1
"197",2014-06-18,2014,6,18,11.2,0.2,5.7,NA,0,"<31","47",0.992361111111111,1
"198",2014-06-19,2014,6,19,14.4,2.5,8.5,NA,0,"<31","47",1,1
"199",2014-06-20,2014,6,20,16.1,1.9,9,NA,0,"<31","47",1,1
"200",2014-06-21,2014,6,21,20.9,2.1,11.5,NA,0,"52","47",1,1
"201",2014-06-22,2014,6,22,15,3.7,9.4,NA,0,"46","47",1,1
"202",2014-06-23,2014,6,23,17.5,2.9,10.2,NA,0,"43","47",1,1
"203",2014-06-24,2014,6,24,19.8,6.8,13.3,NA,0,"<31","47",0.998896247240618,1
"204",2014-06-08,2014,6,8,5.1,-0.9,2.1,0,1.2,"32","5",0.830065359477124,NA
"205",2014-06-09,2014,6,9,7.2,0.7,4,NA,0.6,"41","5",0.991549295774648,NA
"206",2014-06-10,2014,6,10,8,0.2,4.1,NA,0,"<31","5",0.955617198335645,NA
"207",2014-06-11,2014,6,11,6.5,-1.4,2.6,NA,0,"39","5",0.95676429567643,NA
"208",2014-06-12,2014,6,12,14.5,0.5,7.5,NA,0.2,"44","5",0.968011126564673,NA
"209",2014-06-13,2014,6,13,14.6,0.3,7.5,NA,0,"<31","5",0.948071216617211,NA
"210",2014-06-14,2014,6,14,21.6,1.6,11.6,NA,0,"<31","5",0.980555555555556,NA
"211",2014-06-15,2014,6,15,20.8,2.4,11.6,NA,0.4,"43","5",1,NA
"212",2014-06-16,2014,6,16,7.3,0.9,4.1,NA,0,"43","5",0.976388888888889,NA
"213",2014-06-17,2014,6,17,7.7,0.4,4.1,NA,0,"<31","5",0.996527777777778,NA
"214",2014-06-18,2014,6,18,11.2,0.2,5.7,NA,0,"<31","5",0.997222222222222,NA
"215",2014-06-19,2014,6,19,14.4,2.5,8.5,NA,0,"<31","5",0.977083333333333,NA
"216",2014-06-20,2014,6,20,16.1,1.9,9,NA,0,"<31","5",0.990277777777778,NA
"217",2014-06-21,2014,6,21,20.9,2.1,11.5,NA,0,"52","5",0.971527777777778,NA
"218",2014-06-22,2014,6,22,15,3.7,9.4,NA,0,"46","5",0.9875,NA
"219",2014-06-23,2014,6,23,17.5,2.9,10.2,NA,0,"43","5",0.911805555555556,NA
"220",2014-06-24,2014,6,24,19.8,6.8,13.3,NA,0,"<31","5",0.834722222222222,NA
"221",2014-06-25,2014,6,25,21.9,4.3,13.1,NA,0,"33","5",0.854166666666667,NA
"222",2014-06-26,2014,6,26,26.8,5.5,16.2,NA,1,"41","5",0.84375,NA
"223",2014-06-27,2014,6,27,17,4.1,10.6,NA,3.2,"41","5",0.845138888888889,NA
"224",2014-06-28,2014,6,28,8,2.7,5.4,NA,0,"56","5",0.888412017167382,NA
"225",2014-06-11,2014,6,11,6.5,-1.4,2.6,NA,0,"39","50",0.918454935622318,1
"226",2014-06-12,2014,6,12,14.5,0.5,7.5,NA,0.2,"44","50",0.997222222222222,1
"227",2014-06-13,2014,6,13,14.6,0.3,7.5,NA,0,"<31","50",0.980555555555556,1
"228",2014-06-14,2014,6,14,21.6,1.6,11.6,NA,0,"<31","50",0.999305555555556,1
"229",2014-06-15,2014,6,15,20.8,2.4,11.6,NA,0.4,"43","50",0.997916666666667,1
"230",2014-06-16,2014,6,16,7.3,0.9,4.1,NA,0,"43","50",0.923611111111111,1
"231",2014-06-17,2014,6,17,7.7,0.4,4.1,NA,0,"<31","50",1,1
"232",2014-06-18,2014,6,18,11.2,0.2,5.7,NA,0,"<31","50",0.982638888888889,1
"233",2014-06-19,2014,6,19,14.4,2.5,8.5,NA,0,"<31","50",1,1
"234",2014-06-20,2014,6,20,16.1,1.9,9,NA,0,"<31","50",0.998917748917749,1
"235",2014-06-26,2014,6,26,26.8,5.5,16.2,NA,1,"41","50",0.998073217726397,1
"236",2014-06-27,2014,6,27,17,4.1,10.6,NA,3.2,"41","50",1,1
"237",2014-06-28,2014,6,28,8,2.7,5.4,NA,0,"56","50",0.999305555555556,1
"238",2014-06-29,2014,6,29,9.1,2.5,5.8,NA,0,"43","50",1,1
"239",2014-06-30,2014,6,30,17.6,6.1,11.9,NA,0,"39","50",0.999305555555556,1
"240",2014-07-01,2014,7,1,16.7,5.9,11.3,NA,0,"33","50",1,1
"241",2014-07-09,2014,7,9,12.4,6.3,9.4,NA,0,"32","50",0.998727735368957,1
"242",2014-07-10,2014,7,10,17.3,4.9,11.1,NA,0,"37","50",1,1
"243",2014-07-11,2014,7,11,7.5,4.4,6,NA,8,"70","50",1,1
"244",2014-07-12,2014,7,12,12.5,4.5,8.5,NA,4,"67","50",0.998611111111111,1
"245",2014-07-13,2014,7,13,18,8.6,13.3,NA,0,"52","50",0.985416666666667,1
"246",2014-07-14,2014,7,14,20.5,8.9,14.7,NA,0,"33","50",0.996527777777778,1
"247",2014-07-15,2014,7,15,24.6,12.3,18.5,NA,0,"33","50",0.99375,1
"248",2014-07-16,2014,7,16,15.7,5.6,10.7,NA,0,"35","50",0.957023060796646,1
"249",2014-06-12,2014,6,12,14.5,0.5,7.5,NA,0.2,"44","51",0.979047619047619,1
"250",2014-06-13,2014,6,13,14.6,0.3,7.5,NA,0,"<31","51",1,1
"251",2014-06-14,2014,6,14,21.6,1.6,11.6,NA,0,"<31","51",1,1
"252",2014-06-15,2014,6,15,20.8,2.4,11.6,NA,0.4,"43","51",1,1
"253",2014-06-23,2014,6,23,17.5,2.9,10.2,NA,0,"43","51",1,1
"254",2014-06-24,2014,6,24,19.8,6.8,13.3,NA,0,"<31","51",1,1
"255",2014-06-25,2014,6,25,21.9,4.3,13.1,NA,0,"33","51",1,1
"256",2014-06-28,2014,6,28,8,2.7,5.4,NA,0,"56","59",0.953389830508475,1
"257",2014-06-29,2014,6,29,9.1,2.5,5.8,NA,0,"43","59",0.989583333333333,1
"258",2014-06-30,2014,6,30,17.6,6.1,11.9,NA,0,"39","59",0.988194444444444,1
"259",2014-07-01,2014,7,1,16.7,5.9,11.3,NA,0,"33","59",0.977777777777778,1
"260",2014-07-02,2014,7,2,19.6,7.9,13.8,NA,0,"46","59",0.984722222222222,1
"261",2014-07-03,2014,7,3,19.3,5.9,12.6,NA,0,"39","59",0.977777777777778,1
"262",2014-07-04,2014,7,4,17.7,6.3,12,NA,0,"<31","59",0.9625,1
"263",2014-07-05,2014,7,5,20.5,7.7,14.1,NA,0,"35","59",0.989583333333333,1
"264",2014-07-06,2014,7,6,20.5,8.9,14.7,NA,0,"35","59",0.989583333333333,1
"265",2014-07-07,2014,7,7,17,9.5,13.3,NA,2.4,"43","59",0.986111111111111,1
"266",2014-07-08,2014,7,8,16.8,9.5,13.2,NA,0.2,"33","59",0.986111111111111,1
"267",2014-07-09,2014,7,9,12.4,6.3,9.4,NA,0,"32","59",0.989583333333333,1
"268",2014-07-10,2014,7,10,17.3,4.9,11.1,NA,0,"37","59",0.954861111111111,1
"269",2014-07-11,2014,7,11,7.5,4.4,6,NA,8,"70","59",0.989583333333333,1
"270",2014-07-12,2014,7,12,12.5,4.5,8.5,NA,4,"67","59",0.979809976247031,1
"271",2014-06-05,2014,6,5,4.4,-2.2,1.1,NA,0,"39","63",1,NA
"272",2014-06-06,2014,6,6,6.3,-2.4,2,NA,0,"37","63",1,NA
"273",2014-06-07,2014,6,7,1.6,-0.8,0.4,0,3.4,"63","63",0.99702823179792,NA
"274",2014-06-08,2014,6,8,5.1,-0.9,2.1,0,1.2,"32","63",1,NA
"275",2014-06-09,2014,6,9,7.2,0.7,4,NA,0.6,"41","63",0.997226074895978,NA
"276",2014-06-10,2014,6,10,8,0.2,4.1,NA,0,"<31","63",1,NA
"277",2014-06-12,2014,6,12,14.5,0.5,7.5,NA,0.2,"44","63",1,NA
"278",2014-06-13,2014,6,13,14.6,0.3,7.5,NA,0,"<31","63",1,NA
"279",2014-06-14,2014,6,14,21.6,1.6,11.6,NA,0,"<31","63",1,NA
"280",2014-06-15,2014,6,15,20.8,2.4,11.6,NA,0.4,"43","63",1,NA
"281",2014-06-16,2014,6,16,7.3,0.9,4.1,NA,0,"43","63",1,NA
"282",2014-06-17,2014,6,17,7.7,0.4,4.1,NA,0,"<31","63",1,NA
"283",2014-06-08,2014,6,8,5.1,-0.9,2.1,0,1.2,"32","65",0.908854166666667,NA
"284",2014-06-09,2014,6,9,7.2,0.7,4,NA,0.6,"41","65",0.995714285714286,NA
"285",2014-06-10,2014,6,10,8,0.2,4.1,NA,0,"<31","65",1,NA
"286",2014-06-10,2014,6,10,8,0.2,4.1,NA,0,"<31","67",0.986906710310966,0
"287",2014-06-10,2014,6,10,8,0.2,4.1,NA,0,"<31","67",0.986906710310966,1
"288",2014-06-11,2014,6,11,6.5,-1.4,2.6,NA,0,"39","67",0.998609179415855,0
"289",2014-06-11,2014,6,11,6.5,-1.4,2.6,NA,0,"39","67",0.998609179415855,1
"290",2014-06-12,2014,6,12,14.5,0.5,7.5,NA,0.2,"44","67",1,0
"291",2014-06-12,2014,6,12,14.5,0.5,7.5,NA,0.2,"44","67",1,1
"292",2014-06-13,2014,6,13,14.6,0.3,7.5,NA,0,"<31","67",0.99836867862969,0
"293",2014-06-13,2014,6,13,14.6,0.3,7.5,NA,0,"<31","67",0.99836867862969,1
"294",2014-06-14,2014,6,14,21.6,1.6,11.6,NA,0,"<31","67",1,0
"295",2014-06-14,2014,6,14,21.6,1.6,11.6,NA,0,"<31","67",1,1
"296",2014-06-15,2014,6,15,20.8,2.4,11.6,NA,0.4,"43","67",0.998607242339833,0
"297",2014-06-15,2014,6,15,20.8,2.4,11.6,NA,0.4,"43","67",0.998607242339833,1
"298",2014-06-16,2014,6,16,7.3,0.9,4.1,NA,0,"43","67",1,0
"299",2014-06-16,2014,6,16,7.3,0.9,4.1,NA,0,"43","67",1,1
"300",2014-06-17,2014,6,17,7.7,0.4,4.1,NA,0,"<31","67",1,0
"301",2014-06-17,2014,6,17,7.7,0.4,4.1,NA,0,"<31","67",1,1
"302",2014-06-18,2014,6,18,11.2,0.2,5.7,NA,0,"<31","67",1,0
"303",2014-06-18,2014,6,18,11.2,0.2,5.7,NA,0,"<31","67",1,1
"304",2014-06-19,2014,6,19,14.4,2.5,8.5,NA,0,"<31","67",1,0
"305",2014-06-19,2014,6,19,14.4,2.5,8.5,NA,0,"<31","67",1,1
"306",2014-06-20,2014,6,20,16.1,1.9,9,NA,0,"<31","67",1,0
"307",2014-06-20,2014,6,20,16.1,1.9,9,NA,0,"<31","67",1,1
"308",2014-06-09,2014,6,9,7.2,0.7,4,NA,0.6,"41","72",1,0
"309",2014-06-09,2014,6,9,7.2,0.7,4,NA,0.6,"41","72",1,1
"310",2014-06-14,2014,6,14,21.6,1.6,11.6,NA,0,"<31","72",0.754201680672269,0
"311",2014-06-14,2014,6,14,21.6,1.6,11.6,NA,0,"<31","72",0.754201680672269,1
"312",2014-06-15,2014,6,15,20.8,2.4,11.6,NA,0.4,"43","72",0.903472222222222,0
"313",2014-06-15,2014,6,15,20.8,2.4,11.6,NA,0.4,"43","72",0.903472222222222,1
"314",2014-06-16,2014,6,16,7.3,0.9,4.1,NA,0,"43","72",0.971527777777778,0
"315",2014-06-16,2014,6,16,7.3,0.9,4.1,NA,0,"43","72",0.971527777777778,1
"316",2014-06-17,2014,6,17,7.7,0.4,4.1,NA,0,"<31","72",0.990972222222222,0
"317",2014-06-17,2014,6,17,7.7,0.4,4.1,NA,0,"<31","72",0.990972222222222,1
"318",2014-06-18,2014,6,18,11.2,0.2,5.7,NA,0,"<31","72",0.999305555555556,0
"319",2014-06-18,2014,6,18,11.2,0.2,5.7,NA,0,"<31","72",0.999305555555556,1
"320",2014-06-19,2014,6,19,14.4,2.5,8.5,NA,0,"<31","72",1,0
"321",2014-06-19,2014,6,19,14.4,2.5,8.5,NA,0,"<31","72",1,1
"322",2014-06-20,2014,6,20,16.1,1.9,9,NA,0,"<31","72",0.996527777777778,0
"323",2014-06-20,2014,6,20,16.1,1.9,9,NA,0,"<31","72",0.996527777777778,1
"324",2014-06-21,2014,6,21,20.9,2.1,11.5,NA,0,"52","72",0.990277777777778,0
"325",2014-06-21,2014,6,21,20.9,2.1,11.5,NA,0,"52","72",0.990277777777778,1
"326",2014-06-22,2014,6,22,15,3.7,9.4,NA,0,"46","72",0.999305555555556,0
"327",2014-06-22,2014,6,22,15,3.7,9.4,NA,0,"46","72",0.999305555555556,1
"328",2014-06-23,2014,6,23,17.5,2.9,10.2,NA,0,"43","72",0.994444444444444,0
"329",2014-06-23,2014,6,23,17.5,2.9,10.2,NA,0,"43","72",0.994444444444444,1
"330",2014-06-24,2014,6,24,19.8,6.8,13.3,NA,0,"<31","72",0.98125,0
"331",2014-06-24,2014,6,24,19.8,6.8,13.3,NA,0,"<31","72",0.98125,1
"332",2014-06-25,2014,6,25,21.9,4.3,13.1,NA,0,"33","72",0.963194444444444,0
"333",2014-06-25,2014,6,25,21.9,4.3,13.1,NA,0,"33","72",0.963194444444444,1
"334",2014-06-26,2014,6,26,26.8,5.5,16.2,NA,1,"41","72",0.990277777777778,0
"335",2014-06-26,2014,6,26,26.8,5.5,16.2,NA,1,"41","72",0.990277777777778,1
"336",2014-06-27,2014,6,27,17,4.1,10.6,NA,3.2,"41","72",0.999305555555556,0
"337",2014-06-27,2014,6,27,17,4.1,10.6,NA,3.2,"41","72",0.999305555555556,1
"338",2014-06-28,2014,6,28,8,2.7,5.4,NA,0,"56","72",1,0
"339",2014-06-28,2014,6,28,8,2.7,5.4,NA,0,"56","72",1,1
"340",2014-06-29,2014,6,29,9.1,2.5,5.8,NA,0,"43","72",1,0
"341",2014-06-29,2014,6,29,9.1,2.5,5.8,NA,0,"43","72",1,1
"342",2014-06-30,2014,6,30,17.6,6.1,11.9,NA,0,"39","72",0.997222222222222,0
"343",2014-06-30,2014,6,30,17.6,6.1,11.9,NA,0,"39","72",0.997222222222222,1
"344",2014-07-01,2014,7,1,16.7,5.9,11.3,NA,0,"33","72",0.998611111111111,0
"345",2014-07-01,2014,7,1,16.7,5.9,11.3,NA,0,"33","72",0.998611111111111,1
"346",2014-07-02,2014,7,2,19.6,7.9,13.8,NA,0,"46","72",0.99375,0
"347",2014-07-02,2014,7,2,19.6,7.9,13.8,NA,0,"46","72",0.99375,1
"348",2014-07-03,2014,7,3,19.3,5.9,12.6,NA,0,"39","72",0.997916666666667,0
"349",2014-07-03,2014,7,3,19.3,5.9,12.6,NA,0,"39","72",0.997916666666667,1
"350",2014-07-04,2014,7,4,17.7,6.3,12,NA,0,"<31","72",0.99375,0
"351",2014-07-04,2014,7,4,17.7,6.3,12,NA,0,"<31","72",0.99375,1
"352",2014-07-05,2014,7,5,20.5,7.7,14.1,NA,0,"35","72",0.998611111111111,0
"353",2014-07-05,2014,7,5,20.5,7.7,14.1,NA,0,"35","72",0.998611111111111,1
"354",2014-07-06,2014,7,6,20.5,8.9,14.7,NA,0,"35","72",0.981944444444444,0
"355",2014-07-06,2014,7,6,20.5,8.9,14.7,NA,0,"35","72",0.981944444444444,1
"356",2014-07-07,2014,7,7,17,9.5,13.3,NA,2.4,"43","72",0.99375,0
"357",2014-07-07,2014,7,7,17,9.5,13.3,NA,2.4,"43","72",0.99375,1
"358",2014-07-08,2014,7,8,16.8,9.5,13.2,NA,0.2,"33","72",0.979166666666667,0
"359",2014-07-08,2014,7,8,16.8,9.5,13.2,NA,0.2,"33","72",0.979166666666667,1
"360",2014-07-09,2014,7,9,12.4,6.3,9.4,NA,0,"32","72",0.997222222222222,0
"361",2014-07-09,2014,7,9,12.4,6.3,9.4,NA,0,"32","72",0.997222222222222,1
"362",2014-07-10,2014,7,10,17.3,4.9,11.1,NA,0,"37","72",0.99375,0
"363",2014-07-10,2014,7,10,17.3,4.9,11.1,NA,0,"37","72",0.99375,1
"364",2014-07-11,2014,7,11,7.5,4.4,6,NA,8,"70","72",0.995833333333333,0
"365",2014-07-11,2014,7,11,7.5,4.4,6,NA,8,"70","72",0.995833333333333,1
"366",2014-07-12,2014,7,12,12.5,4.5,8.5,NA,4,"67","72",1,0
"367",2014-07-12,2014,7,12,12.5,4.5,8.5,NA,4,"67","72",1,1
"368",2014-07-13,2014,7,13,18,8.6,13.3,NA,0,"52","72",0.990972222222222,0
"369",2014-07-13,2014,7,13,18,8.6,13.3,NA,0,"52","72",0.990972222222222,1
"370",2014-07-14,2014,7,14,20.5,8.9,14.7,NA,0,"33","72",1,0
"371",2014-07-14,2014,7,14,20.5,8.9,14.7,NA,0,"33","72",1,1
"372",2014-07-15,2014,7,15,24.6,12.3,18.5,NA,0,"33","72",1,0
"373",2014-07-15,2014,7,15,24.6,12.3,18.5,NA,0,"33","72",1,1
"374",2014-06-22,2014,6,22,15,3.7,9.4,NA,0,"46","75",0.927330173775671,0
"375",2014-06-23,2014,6,23,17.5,2.9,10.2,NA,0,"43","75",0.997916666666667,0
"376",2014-06-24,2014,6,24,19.8,6.8,13.3,NA,0,"<31","75",0.997222222222222,0
"377",2014-06-25,2014,6,25,21.9,4.3,13.1,NA,0,"33","75",0.992361111111111,0
"378",2014-06-26,2014,6,26,26.8,5.5,16.2,NA,1,"41","75",0.966666666666667,0
"379",2014-06-27,2014,6,27,17,4.1,10.6,NA,3.2,"41","75",0.997222222222222,0
"380",2014-06-28,2014,6,28,8,2.7,5.4,NA,0,"56","75",1,0
"381",2014-06-29,2014,6,29,9.1,2.5,5.8,NA,0,"43","75",0.997222222222222,0
"382",2014-06-30,2014,6,30,17.6,6.1,11.9,NA,0,"39","75",1,0
"383",2014-07-01,2014,7,1,16.7,5.9,11.3,NA,0,"33","75",1,0
"384",2014-07-02,2014,7,2,19.6,7.9,13.8,NA,0,"46","75",0.981191222570533,0
"385",2014-07-03,2014,7,3,19.3,5.9,12.6,NA,0,"39","75",0.995833333333333,0
"386",2014-07-04,2014,7,4,17.7,6.3,12,NA,0,"<31","75",0.999305555555556,0
"387",2014-07-05,2014,7,5,20.5,7.7,14.1,NA,0,"35","75",0.995138888888889,0
"388",2014-07-06,2014,7,6,20.5,8.9,14.7,NA,0,"35","75",0.993055555555556,0
"389",2014-07-07,2014,7,7,17,9.5,13.3,NA,2.4,"43","75",0.999305555555556,0
"390",2014-07-08,2014,7,8,16.8,9.5,13.2,NA,0.2,"33","75",1,0
"391",2014-07-09,2014,7,9,12.4,6.3,9.4,NA,0,"32","75",1,0
"392",2014-06-15,2014,6,15,20.8,2.4,11.6,NA,0.4,"43","76",0.975609756097561,0
"393",2014-06-15,2014,6,15,20.8,2.4,11.6,NA,0.4,"43","76",0.975609756097561,1
"394",2014-06-16,2014,6,16,7.3,0.9,4.1,NA,0,"43","76",0.966666666666667,0
"395",2014-06-16,2014,6,16,7.3,0.9,4.1,NA,0,"43","76",0.966666666666667,1
"396",2014-06-17,2014,6,17,7.7,0.4,4.1,NA,0,"<31","76",0.999305555555556,0
"397",2014-06-17,2014,6,17,7.7,0.4,4.1,NA,0,"<31","76",0.999305555555556,1
"398",2014-06-18,2014,6,18,11.2,0.2,5.7,NA,0,"<31","76",0.998611111111111,0
"399",2014-06-18,2014,6,18,11.2,0.2,5.7,NA,0,"<31","76",0.998611111111111,1
"400",2014-06-19,2014,6,19,14.4,2.5,8.5,NA,0,"<31","76",0.986111111111111,0
"401",2014-06-19,2014,6,19,14.4,2.5,8.5,NA,0,"<31","76",0.986111111111111,1
"402",2014-06-20,2014,6,20,16.1,1.9,9,NA,0,"<31","76",0.988888888888889,0
"403",2014-06-20,2014,6,20,16.1,1.9,9,NA,0,"<31","76",0.988888888888889,1
"404",2014-06-21,2014,6,21,20.9,2.1,11.5,NA,0,"52","76",0.979861111111111,0
"405",2014-06-21,2014,6,21,20.9,2.1,11.5,NA,0,"52","76",0.979861111111111,1
"406",2014-06-22,2014,6,22,15,3.7,9.4,NA,0,"46","76",0.999305555555556,0
"407",2014-06-22,2014,6,22,15,3.7,9.4,NA,0,"46","76",0.999305555555556,1
"408",2014-06-23,2014,6,23,17.5,2.9,10.2,NA,0,"43","76",0.998611111111111,0
"409",2014-06-23,2014,6,23,17.5,2.9,10.2,NA,0,"43","76",0.998611111111111,1
"410",2014-06-24,2014,6,24,19.8,6.8,13.3,NA,0,"<31","76",0.990277777777778,0
"411",2014-06-24,2014,6,24,19.8,6.8,13.3,NA,0,"<31","76",0.990277777777778,1
"412",2014-06-25,2014,6,25,21.9,4.3,13.1,NA,0,"33","76",1,0
"413",2014-06-25,2014,6,25,21.9,4.3,13.1,NA,0,"33","76",1,1
"414",2014-06-26,2014,6,26,26.8,5.5,16.2,NA,1,"41","76",0.996527777777778,0
"415",2014-06-26,2014,6,26,26.8,5.5,16.2,NA,1,"41","76",0.996527777777778,1
"416",2014-06-27,2014,6,27,17,4.1,10.6,NA,3.2,"41","76",1,0
"417",2014-06-27,2014,6,27,17,4.1,10.6,NA,3.2,"41","76",1,1
"418",2014-06-22,2014,6,22,15,3.7,9.4,NA,0,"46","77",1,0
"419",2014-06-23,2014,6,23,17.5,2.9,10.2,NA,0,"43","77",1,0
"420",2014-06-24,2014,6,24,19.8,6.8,13.3,NA,0,"<31","77",1,0
"421",2014-06-25,2014,6,25,21.9,4.3,13.1,NA,0,"33","77",1,0
"422",2014-07-02,2014,7,2,19.6,7.9,13.8,NA,0,"46","77",1,0
"423",2014-07-03,2014,7,3,19.3,5.9,12.6,NA,0,"39","77",0.986805555555556,0
"424",2014-07-04,2014,7,4,17.7,6.3,12,NA,0,"<31","77",1,0
"425",2014-07-05,2014,7,5,20.5,7.7,14.1,NA,0,"35","77",0.983333333333333,0
"426",2014-07-06,2014,7,6,20.5,8.9,14.7,NA,0,"35","77",0.999305555555556,0
"427",2014-07-07,2014,7,7,17,9.5,13.3,NA,2.4,"43","77",0.997916666666667,0
"428",2014-07-08,2014,7,8,16.8,9.5,13.2,NA,0.2,"33","77",0.998611111111111,0
"429",2014-07-09,2014,7,9,12.4,6.3,9.4,NA,0,"32","77",0.998611111111111,0
"430",2014-07-10,2014,7,10,17.3,4.9,11.1,NA,0,"37","77",0.998161764705882,0
"431",2014-06-11,2014,6,11,6.5,-1.4,2.6,NA,0,"39","78",1,0
"432",2014-06-12,2014,6,12,14.5,0.5,7.5,NA,0.2,"44","78",0.995833333333333,0
"433",2014-06-13,2014,6,13,14.6,0.3,7.5,NA,0,"<31","78",1,0
"434",2014-06-16,2014,6,16,7.3,0.9,4.1,NA,0,"43","78",1,0
"435",2014-06-17,2014,6,17,7.7,0.4,4.1,NA,0,"<31","78",0.989840348330914,0
"436",2014-06-18,2014,6,18,11.2,0.2,5.7,NA,0,"<31","78",0.997333333333333,0
"437",2014-06-26,2014,6,26,26.8,5.5,16.2,NA,1,"41","78",0.966861598440546,0
"438",2014-06-27,2014,6,27,17,4.1,10.6,NA,3.2,"41","78",1,0
"439",2014-06-28,2014,6,28,8,2.7,5.4,NA,0,"56","78",1,0
"440",2014-06-29,2014,6,29,9.1,2.5,5.8,NA,0,"43","78",1,0
"441",2014-06-30,2014,6,30,17.6,6.1,11.9,NA,0,"39","78",1,0
"442",2014-07-01,2014,7,1,16.7,5.9,11.3,NA,0,"33","78",0.991477272727273,0
"443",2014-07-09,2014,7,9,12.4,6.3,9.4,NA,0,"32","78",1,0
"444",2014-07-10,2014,7,10,17.3,4.9,11.1,NA,0,"37","78",0.995138888888889,0
"445",2014-07-11,2014,7,11,7.5,4.4,6,NA,8,"70","78",0.998611111111111,0
"446",2014-07-12,2014,7,12,12.5,4.5,8.5,NA,4,"67","78",0.984027777777778,0
"447",2014-07-13,2014,7,13,18,8.6,13.3,NA,0,"52","78",0.97979797979798,0
"448",2014-06-21,2014,6,21,20.9,2.1,11.5,NA,0,"52","79",1,0
"449",2014-06-21,2014,6,21,20.9,2.1,11.5,NA,0,"52","79",1,1
"450",2014-06-22,2014,6,22,15,3.7,9.4,NA,0,"46","79",1,0
"451",2014-06-22,2014,6,22,15,3.7,9.4,NA,0,"46","79",1,1
"452",2014-06-23,2014,6,23,17.5,2.9,10.2,NA,0,"43","79",1,0
"453",2014-06-23,2014,6,23,17.5,2.9,10.2,NA,0,"43","79",1,1
"454",2014-06-24,2014,6,24,19.8,6.8,13.3,NA,0,"<31","79",1,0
"455",2014-06-24,2014,6,24,19.8,6.8,13.3,NA,0,"<31","79",1,1
"456",2014-06-25,2014,6,25,21.9,4.3,13.1,NA,0,"33","79",0.999305555555556,0
"457",2014-06-25,2014,6,25,21.9,4.3,13.1,NA,0,"33","79",0.999305555555556,1
"458",2014-06-26,2014,6,26,26.8,5.5,16.2,NA,1,"41","79",1,0
"459",2014-06-26,2014,6,26,26.8,5.5,16.2,NA,1,"41","79",1,1
"460",2014-06-27,2014,6,27,17,4.1,10.6,NA,3.2,"41","79",0.993055555555556,0
"461",2014-06-27,2014,6,27,17,4.1,10.6,NA,3.2,"41","79",0.993055555555556,1
"462",2014-06-28,2014,6,28,8,2.7,5.4,NA,0,"56","79",1,0
"463",2014-06-28,2014,6,28,8,2.7,5.4,NA,0,"56","79",1,1
"464",2014-06-30,2014,6,30,17.6,6.1,11.9,NA,0,"39","79",0.996784565916399,0
"465",2014-06-30,2014,6,30,17.6,6.1,11.9,NA,0,"39","79",0.996784565916399,1
"466",2014-07-01,2014,7,1,16.7,5.9,11.3,NA,0,"33","79",0.997916666666667,0
"467",2014-07-01,2014,7,1,16.7,5.9,11.3,NA,0,"33","79",0.997916666666667,1
"468",2014-07-02,2014,7,2,19.6,7.9,13.8,NA,0,"46","79",1,0
"469",2014-07-02,2014,7,2,19.6,7.9,13.8,NA,0,"46","79",1,1
"470",2014-07-03,2014,7,3,19.3,5.9,12.6,NA,0,"39","79",0.999305555555556,0
"471",2014-07-03,2014,7,3,19.3,5.9,12.6,NA,0,"39","79",0.999305555555556,1
"472",2014-07-04,2014,7,4,17.7,6.3,12,NA,0,"<31","79",0.999305555555556,0
"473",2014-07-04,2014,7,4,17.7,6.3,12,NA,0,"<31","79",0.999305555555556,1
"474",2014-07-05,2014,7,5,20.5,7.7,14.1,NA,0,"35","79",1,0
"475",2014-07-05,2014,7,5,20.5,7.7,14.1,NA,0,"35","79",1,1
"476",2014-07-06,2014,7,6,20.5,8.9,14.7,NA,0,"35","79",0.997175141242938,0
"477",2014-07-06,2014,7,6,20.5,8.9,14.7,NA,0,"35","79",0.997175141242938,1
"478",2014-07-14,2014,7,14,20.5,8.9,14.7,NA,0,"33","79",0.970760233918129,0
"479",2014-07-14,2014,7,14,20.5,8.9,14.7,NA,0,"33","79",0.970760233918129,1
"480",2014-07-15,2014,7,15,24.6,12.3,18.5,NA,0,"33","79",0.972916666666667,0
"481",2014-07-15,2014,7,15,24.6,12.3,18.5,NA,0,"33","79",0.972916666666667,1
"482",2014-07-16,2014,7,16,15.7,5.6,10.7,NA,0,"35","79",0.947723440134907,0
"483",2014-07-16,2014,7,16,15.7,5.6,10.7,NA,0,"35","79",0.947723440134907,1
"484",2014-06-05,2014,6,5,4.4,-2.2,1.1,NA,0,"39","8",1,NA
"485",2014-06-06,2014,6,6,6.3,-2.4,2,NA,0,"37","8",1,NA
"486",2014-06-07,2014,6,7,1.6,-0.8,0.4,0,3.4,"63","8",1,NA
"487",2014-06-08,2014,6,8,5.1,-0.9,2.1,0,1.2,"32","8",0.985734664764622,NA
"488",2014-06-09,2014,6,9,7.2,0.7,4,NA,0.6,"41","8",1,NA
"489",2014-06-10,2014,6,10,8,0.2,4.1,NA,0,"<31","8",0.994436717663421,NA
"490",2014-06-11,2014,6,11,6.5,-1.4,2.6,NA,0,"39","8",1,NA
"491",2014-06-12,2014,6,12,14.5,0.5,7.5,NA,0.2,"44","8",1,NA
"492",2014-06-13,2014,6,13,14.6,0.3,7.5,NA,0,"<31","8",0.998589562764457,NA
"493",2014-06-14,2014,6,14,21.6,1.6,11.6,NA,0,"<31","8",1,NA
"494",2014-06-15,2014,6,15,20.8,2.4,11.6,NA,0.4,"43","8",0.943127962085308,NA
"495",2014-06-16,2014,6,16,7.3,0.9,4.1,NA,0,"43","8",0.997222222222222,NA
"496",2014-06-17,2014,6,17,7.7,0.4,4.1,NA,0,"<31","8",0.996527777777778,NA
"497",2014-06-18,2014,6,18,11.2,0.2,5.7,NA,0,"<31","8",0.999305555555556,NA
"498",2014-06-19,2014,6,19,14.4,2.5,8.5,NA,0,"<31","8",0.999305555555556,NA
"499",2014-06-20,2014,6,20,16.1,1.9,9,NA,0,"<31","8",0.999305555555556,NA
"500",2014-06-21,2014,6,21,20.9,2.1,11.5,NA,0,"52","8",0.999305555555556,NA
"501",2014-06-22,2014,6,22,15,3.7,9.4,NA,0,"46","8",1,NA
"502",2014-06-23,2014,6,23,17.5,2.9,10.2,NA,0,"43","8",0.990277777777778,NA
"503",2014-06-24,2014,6,24,19.8,6.8,13.3,NA,0,"<31","8",0.999305555555556,NA
"504",2014-06-25,2014,6,25,21.9,4.3,13.1,NA,0,"33","8",0.997222222222222,NA
"505",2014-06-26,2014,6,26,26.8,5.5,16.2,NA,1,"41","8",1,NA
"506",2014-06-22,2014,6,22,15,3.7,9.4,NA,0,"46","85",1,0
"507",2014-06-22,2014,6,22,15,3.7,9.4,NA,0,"46","85",1,1
"508",2014-06-23,2014,6,23,17.5,2.9,10.2,NA,0,"43","85",1,0
"509",2014-06-23,2014,6,23,17.5,2.9,10.2,NA,0,"43","85",1,1
"510",2014-06-24,2014,6,24,19.8,6.8,13.3,NA,0,"<31","85",1,0
"511",2014-06-24,2014,6,24,19.8,6.8,13.3,NA,0,"<31","85",1,1
"512",2014-06-25,2014,6,25,21.9,4.3,13.1,NA,0,"33","85",1,0
"513",2014-06-25,2014,6,25,21.9,4.3,13.1,NA,0,"33","85",1,1
"514",2014-06-26,2014,6,26,26.8,5.5,16.2,NA,1,"41","85",1,0
"515",2014-06-26,2014,6,26,26.8,5.5,16.2,NA,1,"41","85",1,1
"516",2014-07-02,2014,7,2,19.6,7.9,13.8,NA,0,"46","85",0.975397973950796,0
"517",2014-07-02,2014,7,2,19.6,7.9,13.8,NA,0,"46","85",0.975397973950796,1
"518",2014-07-03,2014,7,3,19.3,5.9,12.6,NA,0,"39","85",1,0
"519",2014-07-03,2014,7,3,19.3,5.9,12.6,NA,0,"39","85",1,1
"520",2014-07-04,2014,7,4,17.7,6.3,12,NA,0,"<31","85",1,0
"521",2014-07-04,2014,7,4,17.7,6.3,12,NA,0,"<31","85",1,1
"522",2014-07-05,2014,7,5,20.5,7.7,14.1,NA,0,"35","85",1,0
"523",2014-07-05,2014,7,5,20.5,7.7,14.1,NA,0,"35","85",1,1
"524",2014-07-06,2014,7,6,20.5,8.9,14.7,NA,0,"35","85",1,0
"525",2014-07-06,2014,7,6,20.5,8.9,14.7,NA,0,"35","85",1,1
"526",2014-07-07,2014,7,7,17,9.5,13.3,NA,2.4,"43","85",1,0
"527",2014-07-07,2014,7,7,17,9.5,13.3,NA,2.4,"43","85",1,1
"528",2014-07-08,2014,7,8,16.8,9.5,13.2,NA,0.2,"33","85",0.999305555555556,0
"529",2014-07-08,2014,7,8,16.8,9.5,13.2,NA,0.2,"33","85",0.999305555555556,1
"530",2014-07-09,2014,7,9,12.4,6.3,9.4,NA,0,"32","85",1,0
"531",2014-07-09,2014,7,9,12.4,6.3,9.4,NA,0,"32","85",1,1
"532",2014-07-10,2014,7,10,17.3,4.9,11.1,NA,0,"37","85",1,0
"533",2014-07-10,2014,7,10,17.3,4.9,11.1,NA,0,"37","85",1,1
"534",2014-06-05,2014,6,5,4.4,-2.2,1.1,NA,0,"39","88",0.943181818181818,0
"535",2014-06-06,2014,6,6,6.3,-2.4,2,NA,0,"37","88",0.976421636615811,0
"536",2014-06-07,2014,6,7,1.6,-0.8,0.4,0,3.4,"63","88",1,0
"537",2014-06-08,2014,6,8,5.1,-0.9,2.1,0,1.2,"32","88",1,0
"538",2014-06-11,2014,6,11,6.5,-1.4,2.6,NA,0,"39","88",0.969486823855756,0
"539",2014-06-12,2014,6,12,14.5,0.5,7.5,NA,0.2,"44","88",1,0
"540",2014-06-20,2014,6,20,16.1,1.9,9,NA,0,"<31","88",0.989429175475687,0
"541",2014-06-21,2014,6,21,20.9,2.1,11.5,NA,0,"52","88",0.998613037447989,0
"542",2014-06-22,2014,6,22,15,3.7,9.4,NA,0,"46","88",1,0
"543",2014-06-23,2014,6,23,17.5,2.9,10.2,NA,0,"43","88",1,0
"544",2014-06-30,2014,6,30,17.6,6.1,11.9,NA,0,"39","88",0.989501312335958,0
"545",2014-07-01,2014,7,1,16.7,5.9,11.3,NA,0,"33","88",1,0
"546",2014-07-02,2014,7,2,19.6,7.9,13.8,NA,0,"46","88",1,0
"547",2014-07-03,2014,7,3,19.3,5.9,12.6,NA,0,"39","88",0.998829039812646,0
"548",2014-07-13,2014,7,13,18,8.6,13.3,NA,0,"52","88",0.940199335548173,0
"549",2014-07-14,2014,7,14,20.5,8.9,14.7,NA,0,"33","88",0.972222222222222,0
"550",2014-07-15,2014,7,15,24.6,12.3,18.5,NA,0,"33","88",0.988875154511743,0
"551",2014-06-30,2014,6,30,17.6,6.1,11.9,NA,0,"39","95",0.00673400673400673,NA
"552",2014-07-01,2014,7,1,16.7,5.9,11.3,NA,0,"33","95",0,NA
"553",2014-07-02,2014,7,2,19.6,7.9,13.8,NA,0,"46","95",0,NA
"554",2014-07-03,2014,7,3,19.3,5.9,12.6,NA,0,"39","95",0,NA
"555",2014-07-04,2014,7,4,17.7,6.3,12,NA,0,"<31","95",0,NA
"556",2014-07-05,2014,7,5,20.5,7.7,14.1,NA,0,"35","95",0,NA
"557",2014-07-06,2014,7,6,20.5,8.9,14.7,NA,0,"35","95",0,NA
"558",2014-07-07,2014,7,7,17,9.5,13.3,NA,2.4,"43","95",0,NA
"559",2014-07-08,2014,7,8,16.8,9.5,13.2,NA,0.2,"33","95",0,NA
"560",2014-07-09,2014,7,9,12.4,6.3,9.4,NA,0,"32","95",0.103092783505155,NA
"561",2014-07-10,2014,7,10,17.3,4.9,11.1,NA,0,"37","95",0,NA
"562",2014-07-11,2014,7,11,7.5,4.4,6,NA,8,"70","95",0,NA
"563",2014-07-12,2014,7,12,12.5,4.5,8.5,NA,4,"67","95",0,NA
"564",2014-07-13,2014,7,13,18,8.6,13.3,NA,0,"52","95",0.9,NA
"565",2014-06-12,2014,6,12,14.5,0.5,7.5,NA,0.2,"44","97",1,1
"566",2014-06-13,2014,6,13,14.6,0.3,7.5,NA,0,"<31","97",0.995138888888889,1
"567",2014-06-14,2014,6,14,21.6,1.6,11.6,NA,0,"<31","97",0.999305555555556,1
"568",2014-06-15,2014,6,15,20.8,2.4,11.6,NA,0.4,"43","97",1,1
"569",2014-06-16,2014,6,16,7.3,0.9,4.1,NA,0,"43","97",0.988194444444444,1
"570",2014-06-17,2014,6,17,7.7,0.4,4.1,NA,0,"<31","97",1,1
"571",2014-06-18,2014,6,18,11.2,0.2,5.7,NA,0,"<31","97",1,1
"572",2014-06-19,2014,6,19,14.4,2.5,8.5,NA,0,"<31","97",1,1
"573",2014-06-20,2014,6,20,16.1,1.9,9,NA,0,"<31","97",0.999305555555556,1
"574",2014-06-21,2014,6,21,20.9,2.1,11.5,NA,0,"52","97",0.999305555555556,1
"575",2014-06-22,2014,6,22,15,3.7,9.4,NA,0,"46","97",0.977777777777778,1
"576",2014-06-23,2014,6,23,17.5,2.9,10.2,NA,0,"43","97",0.982737361282367,1
"577",2014-06-24,2014,6,24,19.8,6.8,13.3,NA,0,"<31","97",0.995833333333333,1
"578",2014-06-25,2014,6,25,21.9,4.3,13.1,NA,0,"33","97",1,1
"579",2014-06-26,2014,6,26,26.8,5.5,16.2,NA,1,"41","97",0.997226074895978,1
"580",2014-06-27,2014,6,27,17,4.1,10.6,NA,3.2,"41","97",0.998613037447989,1
"581",2014-06-28,2014,6,28,8,2.7,5.4,NA,0,"56","97",1,1
"582",2014-06-29,2014,6,29,9.1,2.5,5.8,NA,0,"43","97",1,1
"583",2014-06-30,2014,6,30,17.6,6.1,11.9,NA,0,"39","97",1,1
"584",2014-07-01,2014,7,1,16.7,5.9,11.3,NA,0,"33","97",1,1
"585",2014-07-02,2014,7,2,19.6,7.9,13.8,NA,0,"46","97",1,1
"586",2014-07-03,2014,7,3,19.3,5.9,12.6,NA,0,"39","97",1,1
"587",2014-07-04,2014,7,4,17.7,6.3,12,NA,0,"<31","97",1,1
"588",2014-07-05,2014,7,5,20.5,7.7,14.1,NA,0,"35","97",1,1
"589",2014-07-06,2014,7,6,20.5,8.9,14.7,NA,0,"35","97",1,1
"590",2014-07-07,2014,7,7,17,9.5,13.3,NA,2.4,"43","97",1,1
"591",2014-07-08,2014,7,8,16.8,9.5,13.2,NA,0.2,"33","97",1,1
"592",2014-07-09,2014,7,9,12.4,6.3,9.4,NA,0,"32","97",1,1
"593",2014-07-10,2014,7,10,17.3,4.9,11.1,NA,0,"37","97",1,1
"594",2014-07-11,2014,7,11,7.5,4.4,6,NA,8,"70","97",1,1
"595",2014-07-12,2014,7,12,12.5,4.5,8.5,NA,4,"67","97",1,1
"596",2014-07-13,2014,7,13,18,8.6,13.3,NA,0,"52","97",1,1
"597",2014-06-13,2014,6,13,14.6,0.3,7.5,NA,0,"<31","100",0.952380952380952,1
"598",2014-06-14,2014,6,14,21.6,1.6,11.6,NA,0,"<31","100",0.994444444444444,1
"599",2014-06-15,2014,6,15,20.8,2.4,11.6,NA,0.4,"43","100",0.996527777777778,1
"600",2014-06-16,2014,6,16,7.3,0.9,4.1,NA,0,"43","100",0.999305555555556,1
"601",2014-06-17,2014,6,17,7.7,0.4,4.1,NA,0,"<31","100",0.998611111111111,1
"602",2014-06-18,2014,6,18,11.2,0.2,5.7,NA,0,"<31","100",1,1
"603",2014-06-23,2014,6,23,17.5,2.9,10.2,NA,0,"43","100",1,1
"604",2014-06-24,2014,6,24,19.8,6.8,13.3,NA,0,"<31","100",1,1
"605",2014-07-02,2014,7,2,19.6,7.9,13.8,NA,0,"46","100",1,1
"606",2014-07-03,2014,7,3,19.3,5.9,12.6,NA,0,"39","100",0.995614035087719,1
"607",2014-07-04,2014,7,4,17.7,6.3,12,NA,0,"<31","100",1,1
"608",2014-07-05,2014,7,5,20.5,7.7,14.1,NA,0,"35","100",1,1
"609",2014-07-06,2014,7,6,20.5,8.9,14.7,NA,0,"35","100",1,1
"610",2014-07-07,2014,7,7,17,9.5,13.3,NA,2.4,"43","100",1,1
"611",2014-07-08,2014,7,8,16.8,9.5,13.2,NA,0.2,"33","100",1,1
"612",2014-07-09,2014,7,9,12.4,6.3,9.4,NA,0,"32","100",0.982456140350877,1
"613",2014-07-10,2014,7,10,17.3,4.9,11.1,NA,0,"37","100",1,1
"614",2014-07-11,2014,7,11,7.5,4.4,6,NA,8,"70","100",1,1
"615",2014-07-12,2014,7,12,12.5,4.5,8.5,NA,4,"67","100",1,1
"616",2014-07-13,2014,7,13,18,8.6,13.3,NA,0,"52","100",0.991869918699187,1
"617",2014-06-26,2014,6,26,26.8,5.5,16.2,NA,1,"41","119",0.931142410015649,0
"618",2014-06-26,2014,6,26,26.8,5.5,16.2,NA,1,"41","119",0.931142410015649,1
"619",2014-06-27,2014,6,27,17,4.1,10.6,NA,3.2,"41","119",1,0
"620",2014-06-27,2014,6,27,17,4.1,10.6,NA,3.2,"41","119",1,1
"621",2014-06-28,2014,6,28,8,2.7,5.4,NA,0,"56","119",1,0
"622",2014-06-28,2014,6,28,8,2.7,5.4,NA,0,"56","119",1,1
"623",2014-06-29,2014,6,29,9.1,2.5,5.8,NA,0,"43","119",0.992361111111111,0
"624",2014-06-29,2014,6,29,9.1,2.5,5.8,NA,0,"43","119",0.992361111111111,1
"625",2014-06-30,2014,6,30,17.6,6.1,11.9,NA,0,"39","119",1,0
"626",2014-06-30,2014,6,30,17.6,6.1,11.9,NA,0,"39","119",1,1
"627",2014-07-01,2014,7,1,16.7,5.9,11.3,NA,0,"33","119",0.999305555555556,0
"628",2014-07-01,2014,7,1,16.7,5.9,11.3,NA,0,"33","119",0.999305555555556,1
"629",2014-07-02,2014,7,2,19.6,7.9,13.8,NA,0,"46","119",0.990972222222222,0
"630",2014-07-02,2014,7,2,19.6,7.9,13.8,NA,0,"46","119",0.990972222222222,1
"631",2014-07-03,2014,7,3,19.3,5.9,12.6,NA,0,"39","119",0.983333333333333,0
"632",2014-07-03,2014,7,3,19.3,5.9,12.6,NA,0,"39","119",0.983333333333333,1
"633",2014-07-04,2014,7,4,17.7,6.3,12,NA,0,"<31","119",0.992361111111111,0
"634",2014-07-04,2014,7,4,17.7,6.3,12,NA,0,"<31","119",0.992361111111111,1
"635",2014-07-05,2014,7,5,20.5,7.7,14.1,NA,0,"35","119",0.975,0
"636",2014-07-05,2014,7,5,20.5,7.7,14.1,NA,0,"35","119",0.975,1
"637",2014-07-06,2014,7,6,20.5,8.9,14.7,NA,0,"35","119",0.999305555555556,0
"638",2014-07-06,2014,7,6,20.5,8.9,14.7,NA,0,"35","119",0.999305555555556,1
"639",2014-07-07,2014,7,7,17,9.5,13.3,NA,2.4,"43","119",0.997222222222222,0
"640",2014-07-07,2014,7,7,17,9.5,13.3,NA,2.4,"43","119",0.997222222222222,1
"641",2014-07-08,2014,7,8,16.8,9.5,13.2,NA,0.2,"33","119",0.998611111111111,0
"642",2014-07-08,2014,7,8,16.8,9.5,13.2,NA,0.2,"33","119",0.998611111111111,1
"643",2014-07-09,2014,7,9,12.4,6.3,9.4,NA,0,"32","119",0.994444444444444,0
"644",2014-07-09,2014,7,9,12.4,6.3,9.4,NA,0,"32","119",0.994444444444444,1
"645",2014-07-10,2014,7,10,17.3,4.9,11.1,NA,0,"37","119",0.997222222222222,0
"646",2014-07-10,2014,7,10,17.3,4.9,11.1,NA,0,"37","119",0.997222222222222,1
"647",2014-07-11,2014,7,11,7.5,4.4,6,NA,8,"70","119",1,0
"648",2014-07-11,2014,7,11,7.5,4.4,6,NA,8,"70","119",1,1
"649",2014-07-12,2014,7,12,12.5,4.5,8.5,NA,4,"67","119",0.999305555555556,0
"650",2014-07-12,2014,7,12,12.5,4.5,8.5,NA,4,"67","119",0.999305555555556,1
"651",2014-07-13,2014,7,13,18,8.6,13.3,NA,0,"52","119",1,0
"652",2014-07-13,2014,7,13,18,8.6,13.3,NA,0,"52","119",1,1
"653",2014-07-14,2014,7,14,20.5,8.9,14.7,NA,0,"33","119",1,0
"654",2014-07-14,2014,7,14,20.5,8.9,14.7,NA,0,"33","119",1,1
"655",2014-07-15,2014,7,15,24.6,12.3,18.5,NA,0,"33","119",0.993055555555556,0
"656",2014-07-15,2014,7,15,24.6,12.3,18.5,NA,0,"33","119",0.993055555555556,1
"657",2014-07-16,2014,7,16,15.7,5.6,10.7,NA,0,"35","119",0.990972222222222,0
"658",2014-07-16,2014,7,16,15.7,5.6,10.7,NA,0,"35","119",0.990972222222222,1
"659",2014-07-17,2014,7,17,16.6,6.5,11.6,NA,0.2,"61","119",0.996381182147165,0
"660",2014-07-17,2014,7,17,16.6,6.5,11.6,NA,0.2,"61","119",0.996381182147165,1
"661",2014-07-10,2014,7,10,17.3,4.9,11.1,NA,0,"37","12",0.984210526315789,0
"662",2014-07-11,2014,7,11,7.5,4.4,6,NA,8,"70","12",0.999305555555556,0
"663",2014-07-12,2014,7,12,12.5,4.5,8.5,NA,4,"67","12",0.999305555555556,0
"664",2014-07-13,2014,7,13,18,8.6,13.3,NA,0,"52","12",0.998611111111111,0
"665",2014-07-14,2014,7,14,20.5,8.9,14.7,NA,0,"33","12",0.954497354497355,0
"666",2014-06-08,2014,6,8,5.1,-0.9,2.1,0,1.2,"32","19",0.948635634028893,NA
"667",2014-06-09,2014,6,9,7.2,0.7,4,NA,0.6,"41","19",1,NA
"668",2014-06-10,2014,6,10,8,0.2,4.1,NA,0,"<31","19",0.998613037447989,NA
"669",2014-06-11,2014,6,11,6.5,-1.4,2.6,NA,0,"39","19",1,NA
"670",2014-06-12,2014,6,12,14.5,0.5,7.5,NA,0.2,"44","19",0.998581560283688,NA
"671",2014-06-13,2014,6,13,14.6,0.3,7.5,NA,0,"<31","19",1,NA
"672",2014-07-10,2014,7,10,17.3,4.9,11.1,NA,0,"37","20",0.964285714285714,0
"673",2014-07-10,2014,7,10,17.3,4.9,11.1,NA,0,"37","20",0.964285714285714,1
"674",2014-07-11,2014,7,11,7.5,4.4,6,NA,8,"70","20",1,0
"675",2014-07-11,2014,7,11,7.5,4.4,6,NA,8,"70","20",1,1
"676",2014-07-12,2014,7,12,12.5,4.5,8.5,NA,4,"67","20",0.999035679845709,0
"677",2014-07-12,2014,7,12,12.5,4.5,8.5,NA,4,"67","20",0.999035679845709,1
"678",2014-06-09,2014,6,9,7.2,0.7,4,NA,0.6,"41","28",1,0
"679",2014-06-09,2014,6,9,7.2,0.7,4,NA,0.6,"41","28",1,1
"680",2014-06-09,2014,6,9,7.2,0.7,4,NA,0.6,"41","3",0.812883435582822,NA
"681",2014-06-10,2014,6,10,8,0.2,4.1,NA,0,"<31","3",0.922222222222222,NA
"682",2014-06-11,2014,6,11,6.5,-1.4,2.6,NA,0,"39","3",0.96875,NA
"683",2014-06-12,2014,6,12,14.5,0.5,7.5,NA,0.2,"44","3",0.797916666666667,NA
"684",2014-06-13,2014,6,13,14.6,0.3,7.5,NA,0,"<31","3",0.997916666666667,NA
"685",2014-06-14,2014,6,14,21.6,1.6,11.6,NA,0,"<31","3",0.997916666666667,NA
"686",2014-06-15,2014,6,15,20.8,2.4,11.6,NA,0.4,"43","3",0.988888888888889,NA
"687",2014-06-16,2014,6,16,7.3,0.9,4.1,NA,0,"43","3",0.999305555555556,NA
"688",2014-06-17,2014,6,17,7.7,0.4,4.1,NA,0,"<31","3",1,NA
"689",2014-06-18,2014,6,18,11.2,0.2,5.7,NA,0,"<31","3",0.990277777777778,NA
"690",2014-06-19,2014,6,19,14.4,2.5,8.5,NA,0,"<31","3",0.980555555555556,NA
"691",2014-06-20,2014,6,20,16.1,1.9,9,NA,0,"<31","3",1,NA
"692",2014-06-21,2014,6,21,20.9,2.1,11.5,NA,0,"52","3",1,NA
"693",2014-06-22,2014,6,22,15,3.7,9.4,NA,0,"46","3",1,NA
"694",2014-06-23,2014,6,23,17.5,2.9,10.2,NA,0,"43","3",0.96875,NA
"695",2014-06-24,2014,6,24,19.8,6.8,13.3,NA,0,"<31","3",0.996527777777778,NA
"696",2014-06-25,2014,6,25,21.9,4.3,13.1,NA,0,"33","3",1,NA
"697",2014-06-26,2014,6,26,26.8,5.5,16.2,NA,1,"41","3",0.990972222222222,NA
"698",2014-06-27,2014,6,27,17,4.1,10.6,NA,3.2,"41","3",1,NA
"699",2014-06-28,2014,6,28,8,2.7,5.4,NA,0,"56","3",1,NA
"700",2014-06-29,2014,6,29,9.1,2.5,5.8,NA,0,"43","3",0.999305555555556,NA
"701",2014-06-30,2014,6,30,17.6,6.1,11.9,NA,0,"39","3",1,NA
"702",2014-06-06,2014,6,6,6.3,-2.4,2,NA,0,"37","33",1,0
"703",2014-06-07,2014,6,7,1.6,-0.8,0.4,0,3.4,"63","33",1,0
"704",2014-06-08,2014,6,8,5.1,-0.9,2.1,0,1.2,"32","33",1,0
"705",2014-06-09,2014,6,9,7.2,0.7,4,NA,0.6,"41","33",0.992957746478873,0
"706",2014-06-10,2014,6,10,8,0.2,4.1,NA,0,"<31","33",1,0
"707",2014-06-11,2014,6,11,6.5,-1.4,2.6,NA,0,"39","33",1,0
"708",2014-06-12,2014,6,12,14.5,0.5,7.5,NA,0.2,"44","33",1,0
"709",2014-06-16,2014,6,16,7.3,0.9,4.1,NA,0,"43","33",0.976933514246947,0
"710",2014-06-17,2014,6,17,7.7,0.4,4.1,NA,0,"<31","33",0.979166666666667,0
"711",2014-06-18,2014,6,18,11.2,0.2,5.7,NA,0,"<31","33",0.998611111111111,0
"712",2014-06-19,2014,6,19,14.4,2.5,8.5,NA,0,"<31","33",1,0
"713",2014-06-20,2014,6,20,16.1,1.9,9,NA,0,"<31","33",1,0
"714",2014-06-21,2014,6,21,20.9,2.1,11.5,NA,0,"52","33",0.999305555555556,0
"715",2014-06-22,2014,6,22,15,3.7,9.4,NA,0,"46","33",0.999305555555556,0
"716",2014-06-23,2014,6,23,17.5,2.9,10.2,NA,0,"43","33",0.999305555555556,0
"717",2014-06-24,2014,6,24,19.8,6.8,13.3,NA,0,"<31","33",0.984027777777778,0
"718",2014-06-25,2014,6,25,21.9,4.3,13.1,NA,0,"33","33",0.999305555555556,0
"719",2014-06-26,2014,6,26,26.8,5.5,16.2,NA,1,"41","33",0.984027777777778,0
"720",2014-06-27,2014,6,27,17,4.1,10.6,NA,3.2,"41","33",1,0
"721",2014-06-28,2014,6,28,8,2.7,5.4,NA,0,"56","33",1,0
"722",2014-06-29,2014,6,29,9.1,2.5,5.8,NA,0,"43","33",0.999305555555556,0
"723",2014-06-30,2014,6,30,17.6,6.1,11.9,NA,0,"39","33",0.997916666666667,0
"724",2014-07-01,2014,7,1,16.7,5.9,11.3,NA,0,"33","33",0.997918834547347,0
"725",2014-07-09,2014,7,9,12.4,6.3,9.4,NA,0,"32","33",0.984756097560976,0
"726",2014-07-10,2014,7,10,17.3,4.9,11.1,NA,0,"37","33",0.999305555555556,0
"727",2014-07-11,2014,7,11,7.5,4.4,6,NA,8,"70","33",0.999305555555556,0
"728",2014-07-12,2014,7,12,12.5,4.5,8.5,NA,4,"67","33",0.998611111111111,0
"729",2014-07-13,2014,7,13,18,8.6,13.3,NA,0,"52","33",0.98125,0
"730",2014-07-14,2014,7,14,20.5,8.9,14.7,NA,0,"33","33",0.970138888888889,0
"731",2014-07-15,2014,7,15,24.6,12.3,18.5,NA,0,"33","33",0.970138888888889,0
"732",2014-07-16,2014,7,16,15.7,5.6,10.7,NA,0,"35","33",0.952067669172932,0
"733",2014-06-08,2014,6,8,5.1,-0.9,2.1,0,1.2,"32","35",0.913793103448276,1
"734",2014-06-09,2014,6,9,7.2,0.7,4,NA,0.6,"41","35",0.926388888888889,1
"735",2014-06-10,2014,6,10,8,0.2,4.1,NA,0,"<31","35",0.94297635605007,1
"736",2014-06-11,2014,6,11,6.5,-1.4,2.6,NA,0,"39","35",0.87378640776699,1
"737",2014-06-12,2014,6,12,14.5,0.5,7.5,NA,0.2,"44","35",0.928196147110333,1
"738",2014-06-13,2014,6,13,14.6,0.3,7.5,NA,0,"<31","35",0.972260748959778,1
"739",2014-06-14,2014,6,14,21.6,1.6,11.6,NA,0,"<31","35",0.658932714617169,1
"740",2014-06-22,2014,6,22,15,3.7,9.4,NA,0,"46","35",0.987377279102384,1
"741",2014-06-23,2014,6,23,17.5,2.9,10.2,NA,0,"43","35",1,1
"742",2014-07-02,2014,7,2,19.6,7.9,13.8,NA,0,"46","35",0.949152542372881,1
"743",2014-07-03,2014,7,3,19.3,5.9,12.6,NA,0,"39","35",0.993055555555556,1
"744",2014-07-04,2014,7,4,17.7,6.3,12,NA,0,"<31","35",0.997916666666667,1
"745",2014-07-05,2014,7,5,20.5,7.7,14.1,NA,0,"35","35",0.995833333333333,1
"746",2014-07-06,2014,7,6,20.5,8.9,14.7,NA,0,"35","35",0.997916666666667,1
"747",2014-07-07,2014,7,7,17,9.5,13.3,NA,2.4,"43","35",0.998611111111111,1
"748",2014-07-08,2014,7,8,16.8,9.5,13.2,NA,0.2,"33","35",1,1
"749",2014-06-09,2014,6,9,7.2,0.7,4,NA,0.6,"41","44",0.662613981762918,0
"750",2014-06-10,2014,6,10,8,0.2,4.1,NA,0,"<31","44",0.966666666666667,0
"751",2014-06-11,2014,6,11,6.5,-1.4,2.6,NA,0,"39","44",0.992361111111111,0
"752",2014-06-12,2014,6,12,14.5,0.5,7.5,NA,0.2,"44","44",0.964583333333333,0
"753",2014-06-13,2014,6,13,14.6,0.3,7.5,NA,0,"<31","44",1,0
"754",2014-06-14,2014,6,14,21.6,1.6,11.6,NA,0,"<31","44",0.996527777777778,0
"755",2014-06-15,2014,6,15,20.8,2.4,11.6,NA,0.4,"43","44",0.991666666666667,0
"756",2014-06-16,2014,6,16,7.3,0.9,4.1,NA,0,"43","44",1,0
"757",2014-06-17,2014,6,17,7.7,0.4,4.1,NA,0,"<31","44",1,0
"758",2014-06-18,2014,6,18,11.2,0.2,5.7,NA,0,"<31","44",0.99375,0
"759",2014-06-19,2014,6,19,14.4,2.5,8.5,NA,0,"<31","44",1,0
"760",2014-06-20,2014,6,20,16.1,1.9,9,NA,0,"<31","44",0.999305555555556,0
"761",2014-06-21,2014,6,21,20.9,2.1,11.5,NA,0,"52","44",0.999305555555556,0
"762",2014-06-22,2014,6,22,15,3.7,9.4,NA,0,"46","44",1,0
"763",2014-06-23,2014,6,23,17.5,2.9,10.2,NA,0,"43","44",1,0
"764",2014-06-24,2014,6,24,19.8,6.8,13.3,NA,0,"<31","44",1,0
"765",2014-06-25,2014,6,25,21.9,4.3,13.1,NA,0,"33","44",1,0
"766",2014-06-26,2014,6,26,26.8,5.5,16.2,NA,1,"41","44",1,0
"767",2014-06-27,2014,6,27,17,4.1,10.6,NA,3.2,"41","44",0.997916666666667,0
"768",2014-06-28,2014,6,28,8,2.7,5.4,NA,0,"56","44",1,0
"769",2014-06-29,2014,6,29,9.1,2.5,5.8,NA,0,"43","44",1,0
"770",2014-06-30,2014,6,30,17.6,6.1,11.9,NA,0,"39","44",1,0
"771",2014-07-01,2014,7,1,16.7,5.9,11.3,NA,0,"33","44",1,0
"772",2014-07-02,2014,7,2,19.6,7.9,13.8,NA,0,"46","44",1,0
"773",2014-07-03,2014,7,3,19.3,5.9,12.6,NA,0,"39","44",1,0
"774",2014-07-04,2014,7,4,17.7,6.3,12,NA,0,"<31","44",1,0
"775",2014-07-10,2014,7,10,17.3,4.9,11.1,NA,0,"37","44",0.988976377952756,0
"776",2014-07-11,2014,7,11,7.5,4.4,6,NA,8,"70","44",1,0
"777",2014-07-12,2014,7,12,12.5,4.5,8.5,NA,4,"67","44",1,0
"778",2014-07-13,2014,7,13,18,8.6,13.3,NA,0,"52","44",1,0
"779",2014-07-14,2014,7,14,20.5,8.9,14.7,NA,0,"33","44",0.998885172798216,0
"780",2014-06-05,2014,6,5,4.4,-2.2,1.1,NA,0,"39","47",1,1
"781",2014-06-06,2014,6,6,6.3,-2.4,2,NA,0,"37","47",1,1
"782",2014-06-07,2014,6,7,1.6,-0.8,0.4,0,3.4,"63","47",1,1
"783",2014-06-08,2014,6,8,5.1,-0.9,2.1,0,1.2,"32","47",1,1
"784",2014-06-09,2014,6,9,7.2,0.7,4,NA,0.6,"41","47",1,1
"785",2014-06-10,2014,6,10,8,0.2,4.1,NA,0,"<31","47",1,1
"786",2014-06-11,2014,6,11,6.5,-1.4,2.6,NA,0,"39","47",1,1
"787",2014-06-12,2014,6,12,14.5,0.5,7.5,NA,0.2,"44","47",1,1
"788",2014-06-13,2014,6,13,14.6,0.3,7.5,NA,0,"<31","47",1,1
"789",2014-06-14,2014,6,14,21.6,1.6,11.6,NA,0,"<31","47",1,1
"790",2014-06-15,2014,6,15,20.8,2.4,11.6,NA,0.4,"43","47",1,1
"791",2014-06-16,2014,6,16,7.3,0.9,4.1,NA,0,"43","47",0.982456140350877,1
"792",2014-06-17,2014,6,17,7.7,0.4,4.1,NA,0,"<31","47",0.999305555555556,1
"793",2014-06-18,2014,6,18,11.2,0.2,5.7,NA,0,"<31","47",0.992361111111111,1
"794",2014-06-19,2014,6,19,14.4,2.5,8.5,NA,0,"<31","47",1,1
"795",2014-06-20,2014,6,20,16.1,1.9,9,NA,0,"<31","47",1,1
"796",2014-06-21,2014,6,21,20.9,2.1,11.5,NA,0,"52","47",1,1
"797",2014-06-22,2014,6,22,15,3.7,9.4,NA,0,"46","47",1,1
"798",2014-06-23,2014,6,23,17.5,2.9,10.2,NA,0,"43","47",1,1
"799",2014-06-24,2014,6,24,19.8,6.8,13.3,NA,0,"<31","47",0.998896247240618,1
"800",2014-06-08,2014,6,8,5.1,-0.9,2.1,0,1.2,"32","5",0.830065359477124,NA
"801",2014-06-09,2014,6,9,7.2,0.7,4,NA,0.6,"41","5",0.991549295774648,NA
"802",2014-06-10,2014,6,10,8,0.2,4.1,NA,0,"<31","5",0.955617198335645,NA
"803",2014-06-11,2014,6,11,6.5,-1.4,2.6,NA,0,"39","5",0.95676429567643,NA
"804",2014-06-12,2014,6,12,14.5,0.5,7.5,NA,0.2,"44","5",0.968011126564673,NA
"805",2014-06-13,2014,6,13,14.6,0.3,7.5,NA,0,"<31","5",0.948071216617211,NA
"806",2014-06-14,2014,6,14,21.6,1.6,11.6,NA,0,"<31","5",0.980555555555556,NA
"807",2014-06-15,2014,6,15,20.8,2.4,11.6,NA,0.4,"43","5",1,NA
"808",2014-06-16,2014,6,16,7.3,0.9,4.1,NA,0,"43","5",0.976388888888889,NA
"809",2014-06-17,2014,6,17,7.7,0.4,4.1,NA,0,"<31","5",0.996527777777778,NA
"810",2014-06-18,2014,6,18,11.2,0.2,5.7,NA,0,"<31","5",0.997222222222222,NA
"811",2014-06-19,2014,6,19,14.4,2.5,8.5,NA,0,"<31","5",0.977083333333333,NA
"812",2014-06-20,2014,6,20,16.1,1.9,9,NA,0,"<31","5",0.990277777777778,NA
"813",2014-06-21,2014,6,21,20.9,2.1,11.5,NA,0,"52","5",0.971527777777778,NA
"814",2014-06-22,2014,6,22,15,3.7,9.4,NA,0,"46","5",0.9875,NA
"815",2014-06-23,2014,6,23,17.5,2.9,10.2,NA,0,"43","5",0.911805555555556,NA
"816",2014-06-24,2014,6,24,19.8,6.8,13.3,NA,0,"<31","5",0.834722222222222,NA
"817",2014-06-25,2014,6,25,21.9,4.3,13.1,NA,0,"33","5",0.854166666666667,NA
"818",2014-06-26,2014,6,26,26.8,5.5,16.2,NA,1,"41","5",0.84375,NA
"819",2014-06-27,2014,6,27,17,4.1,10.6,NA,3.2,"41","5",0.845138888888889,NA
"820",2014-06-28,2014,6,28,8,2.7,5.4,NA,0,"56","5",0.888412017167382,NA
"821",2014-06-11,2014,6,11,6.5,-1.4,2.6,NA,0,"39","50",0.918454935622318,1
"822",2014-06-12,2014,6,12,14.5,0.5,7.5,NA,0.2,"44","50",0.997222222222222,1
"823",2014-06-13,2014,6,13,14.6,0.3,7.5,NA,0,"<31","50",0.980555555555556,1
"824",2014-06-14,2014,6,14,21.6,1.6,11.6,NA,0,"<31","50",0.999305555555556,1
"825",2014-06-15,2014,6,15,20.8,2.4,11.6,NA,0.4,"43","50",0.997916666666667,1
"826",2014-06-16,2014,6,16,7.3,0.9,4.1,NA,0,"43","50",0.923611111111111,1
"827",2014-06-17,2014,6,17,7.7,0.4,4.1,NA,0,"<31","50",1,1
"828",2014-06-18,2014,6,18,11.2,0.2,5.7,NA,0,"<31","50",0.982638888888889,1
"829",2014-06-19,2014,6,19,14.4,2.5,8.5,NA,0,"<31","50",1,1
"830",2014-06-20,2014,6,20,16.1,1.9,9,NA,0,"<31","50",0.998917748917749,1
"831",2014-06-26,2014,6,26,26.8,5.5,16.2,NA,1,"41","50",0.998073217726397,1
"832",2014-06-27,2014,6,27,17,4.1,10.6,NA,3.2,"41","50",1,1
"833",2014-06-28,2014,6,28,8,2.7,5.4,NA,0,"56","50",0.999305555555556,1
"834",2014-06-29,2014,6,29,9.1,2.5,5.8,NA,0,"43","50",1,1
"835",2014-06-30,2014,6,30,17.6,6.1,11.9,NA,0,"39","50",0.999305555555556,1
"836",2014-07-01,2014,7,1,16.7,5.9,11.3,NA,0,"33","50",1,1
"837",2014-07-09,2014,7,9,12.4,6.3,9.4,NA,0,"32","50",0.998727735368957,1
"838",2014-07-10,2014,7,10,17.3,4.9,11.1,NA,0,"37","50",1,1
"839",2014-07-11,2014,7,11,7.5,4.4,6,NA,8,"70","50",1,1
"840",2014-07-12,2014,7,12,12.5,4.5,8.5,NA,4,"67","50",0.998611111111111,1
"841",2014-07-13,2014,7,13,18,8.6,13.3,NA,0,"52","50",0.985416666666667,1
"842",2014-07-14,2014,7,14,20.5,8.9,14.7,NA,0,"33","50",0.996527777777778,1
"843",2014-07-15,2014,7,15,24.6,12.3,18.5,NA,0,"33","50",0.99375,1
"844",2014-07-16,2014,7,16,15.7,5.6,10.7,NA,0,"35","50",0.957023060796646,1
"845",2014-06-12,2014,6,12,14.5,0.5,7.5,NA,0.2,"44","51",0.979047619047619,1
"846",2014-06-13,2014,6,13,14.6,0.3,7.5,NA,0,"<31","51",1,1
"847",2014-06-14,2014,6,14,21.6,1.6,11.6,NA,0,"<31","51",1,1
"848",2014-06-15,2014,6,15,20.8,2.4,11.6,NA,0.4,"43","51",1,1
"849",2014-06-23,2014,6,23,17.5,2.9,10.2,NA,0,"43","51",1,1
"850",2014-06-24,2014,6,24,19.8,6.8,13.3,NA,0,"<31","51",1,1
"851",2014-06-25,2014,6,25,21.9,4.3,13.1,NA,0,"33","51",1,1
"852",2014-06-28,2014,6,28,8,2.7,5.4,NA,0,"56","59",0.953389830508475,1
"853",2014-06-29,2014,6,29,9.1,2.5,5.8,NA,0,"43","59",0.989583333333333,1
"854",2014-06-30,2014,6,30,17.6,6.1,11.9,NA,0,"39","59",0.988194444444444,1
"855",2014-07-01,2014,7,1,16.7,5.9,11.3,NA,0,"33","59",0.977777777777778,1
"856",2014-07-02,2014,7,2,19.6,7.9,13.8,NA,0,"46","59",0.984722222222222,1
"857",2014-07-03,2014,7,3,19.3,5.9,12.6,NA,0,"39","59",0.977777777777778,1
"858",2014-07-04,2014,7,4,17.7,6.3,12,NA,0,"<31","59",0.9625,1
"859",2014-07-05,2014,7,5,20.5,7.7,14.1,NA,0,"35","59",0.989583333333333,1
"860",2014-07-06,2014,7,6,20.5,8.9,14.7,NA,0,"35","59",0.989583333333333,1
"861",2014-07-07,2014,7,7,17,9.5,13.3,NA,2.4,"43","59",0.986111111111111,1
"862",2014-07-08,2014,7,8,16.8,9.5,13.2,NA,0.2,"33","59",0.986111111111111,1
"863",2014-07-09,2014,7,9,12.4,6.3,9.4,NA,0,"32","59",0.989583333333333,1
"864",2014-07-10,2014,7,10,17.3,4.9,11.1,NA,0,"37","59",0.954861111111111,1
"865",2014-07-11,2014,7,11,7.5,4.4,6,NA,8,"70","59",0.989583333333333,1
"866",2014-07-12,2014,7,12,12.5,4.5,8.5,NA,4,"67","59",0.979809976247031,1
"867",2014-06-05,2014,6,5,4.4,-2.2,1.1,NA,0,"39","63",1,NA
"868",2014-06-06,2014,6,6,6.3,-2.4,2,NA,0,"37","63",1,NA
"869",2014-06-07,2014,6,7,1.6,-0.8,0.4,0,3.4,"63","63",0.99702823179792,NA
"870",2014-06-08,2014,6,8,5.1,-0.9,2.1,0,1.2,"32","63",1,NA
"871",2014-06-09,2014,6,9,7.2,0.7,4,NA,0.6,"41","63",0.997226074895978,NA
"872",2014-06-10,2014,6,10,8,0.2,4.1,NA,0,"<31","63",1,NA
"873",2014-06-12,2014,6,12,14.5,0.5,7.5,NA,0.2,"44","63",1,NA
"874",2014-06-13,2014,6,13,14.6,0.3,7.5,NA,0,"<31","63",1,NA
"875",2014-06-14,2014,6,14,21.6,1.6,11.6,NA,0,"<31","63",1,NA
"876",2014-06-15,2014,6,15,20.8,2.4,11.6,NA,0.4,"43","63",1,NA
"877",2014-06-16,2014,6,16,7.3,0.9,4.1,NA,0,"43","63",1,NA
"878",2014-06-17,2014,6,17,7.7,0.4,4.1,NA,0,"<31","63",1,NA
"879",2014-06-08,2014,6,8,5.1,-0.9,2.1,0,1.2,"32","65",0.908854166666667,NA
"880",2014-06-09,2014,6,9,7.2,0.7,4,NA,0.6,"41","65",0.995714285714286,NA
"881",2014-06-10,2014,6,10,8,0.2,4.1,NA,0,"<31","65",1,NA
"882",2014-06-10,2014,6,10,8,0.2,4.1,NA,0,"<31","67",0.986906710310966,0
"883",2014-06-10,2014,6,10,8,0.2,4.1,NA,0,"<31","67",0.986906710310966,1
"884",2014-06-11,2014,6,11,6.5,-1.4,2.6,NA,0,"39","67",0.998609179415855,0
"885",2014-06-11,2014,6,11,6.5,-1.4,2.6,NA,0,"39","67",0.998609179415855,1
"886",2014-06-12,2014,6,12,14.5,0.5,7.5,NA,0.2,"44","67",1,0
"887",2014-06-12,2014,6,12,14.5,0.5,7.5,NA,0.2,"44","67",1,1
"888",2014-06-13,2014,6,13,14.6,0.3,7.5,NA,0,"<31","67",0.99836867862969,0
"889",2014-06-13,2014,6,13,14.6,0.3,7.5,NA,0,"<31","67",0.99836867862969,1
"890",2014-06-14,2014,6,14,21.6,1.6,11.6,NA,0,"<31","67",1,0
"891",2014-06-14,2014,6,14,21.6,1.6,11.6,NA,0,"<31","67",1,1
"892",2014-06-15,2014,6,15,20.8,2.4,11.6,NA,0.4,"43","67",0.998607242339833,0
"893",2014-06-15,2014,6,15,20.8,2.4,11.6,NA,0.4,"43","67",0.998607242339833,1
"894",2014-06-16,2014,6,16,7.3,0.9,4.1,NA,0,"43","67",1,0
"895",2014-06-16,2014,6,16,7.3,0.9,4.1,NA,0,"43","67",1,1
"896",2014-06-17,2014,6,17,7.7,0.4,4.1,NA,0,"<31","67",1,0
"897",2014-06-17,2014,6,17,7.7,0.4,4.1,NA,0,"<31","67",1,1
"898",2014-06-18,2014,6,18,11.2,0.2,5.7,NA,0,"<31","67",1,0
"899",2014-06-18,2014,6,18,11.2,0.2,5.7,NA,0,"<31","67",1,1
"900",2014-06-19,2014,6,19,14.4,2.5,8.5,NA,0,"<31","67",1,0
"901",2014-06-19,2014,6,19,14.4,2.5,8.5,NA,0,"<31","67",1,1
"902",2014-06-20,2014,6,20,16.1,1.9,9,NA,0,"<31","67",1,0
"903",2014-06-20,2014,6,20,16.1,1.9,9,NA,0,"<31","67",1,1
"904",2014-06-09,2014,6,9,7.2,0.7,4,NA,0.6,"41","72",1,0
"905",2014-06-09,2014,6,9,7.2,0.7,4,NA,0.6,"41","72",1,1
"906",2014-06-14,2014,6,14,21.6,1.6,11.6,NA,0,"<31","72",0.754201680672269,0
"907",2014-06-14,2014,6,14,21.6,1.6,11.6,NA,0,"<31","72",0.754201680672269,1
"908",2014-06-15,2014,6,15,20.8,2.4,11.6,NA,0.4,"43","72",0.903472222222222,0
"909",2014-06-15,2014,6,15,20.8,2.4,11.6,NA,0.4,"43","72",0.903472222222222,1
"910",2014-06-16,2014,6,16,7.3,0.9,4.1,NA,0,"43","72",0.971527777777778,0
"911",2014-06-16,2014,6,16,7.3,0.9,4.1,NA,0,"43","72",0.971527777777778,1
"912",2014-06-17,2014,6,17,7.7,0.4,4.1,NA,0,"<31","72",0.990972222222222,0
"913",2014-06-17,2014,6,17,7.7,0.4,4.1,NA,0,"<31","72",0.990972222222222,1
"914",2014-06-18,2014,6,18,11.2,0.2,5.7,NA,0,"<31","72",0.999305555555556,0
"915",2014-06-18,2014,6,18,11.2,0.2,5.7,NA,0,"<31","72",0.999305555555556,1
"916",2014-06-19,2014,6,19,14.4,2.5,8.5,NA,0,"<31","72",1,0
"917",2014-06-19,2014,6,19,14.4,2.5,8.5,NA,0,"<31","72",1,1
"918",2014-06-20,2014,6,20,16.1,1.9,9,NA,0,"<31","72",0.996527777777778,0
"919",2014-06-20,2014,6,20,16.1,1.9,9,NA,0,"<31","72",0.996527777777778,1
"920",2014-06-21,2014,6,21,20.9,2.1,11.5,NA,0,"52","72",0.990277777777778,0
"921",2014-06-21,2014,6,21,20.9,2.1,11.5,NA,0,"52","72",0.990277777777778,1
"922",2014-06-22,2014,6,22,15,3.7,9.4,NA,0,"46","72",0.999305555555556,0
"923",2014-06-22,2014,6,22,15,3.7,9.4,NA,0,"46","72",0.999305555555556,1
"924",2014-06-23,2014,6,23,17.5,2.9,10.2,NA,0,"43","72",0.994444444444444,0
"925",2014-06-23,2014,6,23,17.5,2.9,10.2,NA,0,"43","72",0.994444444444444,1
"926",2014-06-24,2014,6,24,19.8,6.8,13.3,NA,0,"<31","72",0.98125,0
"927",2014-06-24,2014,6,24,19.8,6.8,13.3,NA,0,"<31","72",0.98125,1
"928",2014-06-25,2014,6,25,21.9,4.3,13.1,NA,0,"33","72",0.963194444444444,0
"929",2014-06-25,2014,6,25,21.9,4.3,13.1,NA,0,"33","72",0.963194444444444,1
"930",2014-06-26,2014,6,26,26.8,5.5,16.2,NA,1,"41","72",0.990277777777778,0
"931",2014-06-26,2014,6,26,26.8,5.5,16.2,NA,1,"41","72",0.990277777777778,1
"932",2014-06-27,2014,6,27,17,4.1,10.6,NA,3.2,"41","72",0.999305555555556,0
"933",2014-06-27,2014,6,27,17,4.1,10.6,NA,3.2,"41","72",0.999305555555556,1
"934",2014-06-28,2014,6,28,8,2.7,5.4,NA,0,"56","72",1,0
"935",2014-06-28,2014,6,28,8,2.7,5.4,NA,0,"56","72",1,1
"936",2014-06-29,2014,6,29,9.1,2.5,5.8,NA,0,"43","72",1,0
"937",2014-06-29,2014,6,29,9.1,2.5,5.8,NA,0,"43","72",1,1
"938",2014-06-30,2014,6,30,17.6,6.1,11.9,NA,0,"39","72",0.997222222222222,0
"939",2014-06-30,2014,6,30,17.6,6.1,11.9,NA,0,"39","72",0.997222222222222,1
"940",2014-07-01,2014,7,1,16.7,5.9,11.3,NA,0,"33","72",0.998611111111111,0
"941",2014-07-01,2014,7,1,16.7,5.9,11.3,NA,0,"33","72",0.998611111111111,1
"942",2014-07-02,2014,7,2,19.6,7.9,13.8,NA,0,"46","72",0.99375,0
"943",2014-07-02,2014,7,2,19.6,7.9,13.8,NA,0,"46","72",0.99375,1
"944",2014-07-03,2014,7,3,19.3,5.9,12.6,NA,0,"39","72",0.997916666666667,0
"945",2014-07-03,2014,7,3,19.3,5.9,12.6,NA,0,"39","72",0.997916666666667,1
"946",2014-07-04,2014,7,4,17.7,6.3,12,NA,0,"<31","72",0.99375,0
"947",2014-07-04,2014,7,4,17.7,6.3,12,NA,0,"<31","72",0.99375,1
"948",2014-07-05,2014,7,5,20.5,7.7,14.1,NA,0,"35","72",0.998611111111111,0
"949",2014-07-05,2014,7,5,20.5,7.7,14.1,NA,0,"35","72",0.998611111111111,1
"950",2014-07-06,2014,7,6,20.5,8.9,14.7,NA,0,"35","72",0.981944444444444,0
"951",2014-07-06,2014,7,6,20.5,8.9,14.7,NA,0,"35","72",0.981944444444444,1
"952",2014-07-07,2014,7,7,17,9.5,13.3,NA,2.4,"43","72",0.99375,0
"953",2014-07-07,2014,7,7,17,9.5,13.3,NA,2.4,"43","72",0.99375,1
"954",2014-07-08,2014,7,8,16.8,9.5,13.2,NA,0.2,"33","72",0.979166666666667,0
"955",2014-07-08,2014,7,8,16.8,9.5,13.2,NA,0.2,"33","72",0.979166666666667,1
"956",2014-07-09,2014,7,9,12.4,6.3,9.4,NA,0,"32","72",0.997222222222222,0
"957",2014-07-09,2014,7,9,12.4,6.3,9.4,NA,0,"32","72",0.997222222222222,1
"958",2014-07-10,2014,7,10,17.3,4.9,11.1,NA,0,"37","72",0.99375,0
"959",2014-07-10,2014,7,10,17.3,4.9,11.1,NA,0,"37","72",0.99375,1
"960",2014-07-11,2014,7,11,7.5,4.4,6,NA,8,"70","72",0.995833333333333,0
"961",2014-07-11,2014,7,11,7.5,4.4,6,NA,8,"70","72",0.995833333333333,1
"962",2014-07-12,2014,7,12,12.5,4.5,8.5,NA,4,"67","72",1,0
"963",2014-07-12,2014,7,12,12.5,4.5,8.5,NA,4,"67","72",1,1
"964",2014-07-13,2014,7,13,18,8.6,13.3,NA,0,"52","72",0.990972222222222,0
"965",2014-07-13,2014,7,13,18,8.6,13.3,NA,0,"52","72",0.990972222222222,1
"966",2014-07-14,2014,7,14,20.5,8.9,14.7,NA,0,"33","72",1,0
"967",2014-07-14,2014,7,14,20.5,8.9,14.7,NA,0,"33","72",1,1
"968",2014-07-15,2014,7,15,24.6,12.3,18.5,NA,0,"33","72",1,0
"969",2014-07-15,2014,7,15,24.6,12.3,18.5,NA,0,"33","72",1,1
"970",2014-06-22,2014,6,22,15,3.7,9.4,NA,0,"46","75",0.927330173775671,0
"971",2014-06-23,2014,6,23,17.5,2.9,10.2,NA,0,"43","75",0.997916666666667,0
"972",2014-06-24,2014,6,24,19.8,6.8,13.3,NA,0,"<31","75",0.997222222222222,0
"973",2014-06-25,2014,6,25,21.9,4.3,13.1,NA,0,"33","75",0.992361111111111,0
"974",2014-06-26,2014,6,26,26.8,5.5,16.2,NA,1,"41","75",0.966666666666667,0
"975",2014-06-27,2014,6,27,17,4.1,10.6,NA,3.2,"41","75",0.997222222222222,0
"976",2014-06-28,2014,6,28,8,2.7,5.4,NA,0,"56","75",1,0
"977",2014-06-29,2014,6,29,9.1,2.5,5.8,NA,0,"43","75",0.997222222222222,0
"978",2014-06-30,2014,6,30,17.6,6.1,11.9,NA,0,"39","75",1,0
"979",2014-07-01,2014,7,1,16.7,5.9,11.3,NA,0,"33","75",1,0
"980",2014-07-02,2014,7,2,19.6,7.9,13.8,NA,0,"46","75",0.981191222570533,0
"981",2014-07-03,2014,7,3,19.3,5.9,12.6,NA,0,"39","75",0.995833333333333,0
"982",2014-07-04,2014,7,4,17.7,6.3,12,NA,0,"<31","75",0.999305555555556,0
"983",2014-07-05,2014,7,5,20.5,7.7,14.1,NA,0,"35","75",0.995138888888889,0
"984",2014-07-06,2014,7,6,20.5,8.9,14.7,NA,0,"35","75",0.993055555555556,0
"985",2014-07-07,2014,7,7,17,9.5,13.3,NA,2.4,"43","75",0.999305555555556,0
"986",2014-07-08,2014,7,8,16.8,9.5,13.2,NA,0.2,"33","75",1,0
"987",2014-07-09,2014,7,9,12.4,6.3,9.4,NA,0,"32","75",1,0
"988",2014-06-15,2014,6,15,20.8,2.4,11.6,NA,0.4,"43","76",0.975609756097561,0
"989",2014-06-15,2014,6,15,20.8,2.4,11.6,NA,0.4,"43","76",0.975609756097561,1
"990",2014-06-16,2014,6,16,7.3,0.9,4.1,NA,0,"43","76",0.966666666666667,0
"991",2014-06-16,2014,6,16,7.3,0.9,4.1,NA,0,"43","76",0.966666666666667,1
"992",2014-06-17,2014,6,17,7.7,0.4,4.1,NA,0,"<31","76",0.999305555555556,0
"993",2014-06-17,2014,6,17,7.7,0.4,4.1,NA,0,"<31","76",0.999305555555556,1
"994",2014-06-18,2014,6,18,11.2,0.2,5.7,NA,0,"<31","76",0.998611111111111,0
"995",2014-06-18,2014,6,18,11.2,0.2,5.7,NA,0,"<31","76",0.998611111111111,1
"996",2014-06-19,2014,6,19,14.4,2.5,8.5,NA,0,"<31","76",0.986111111111111,0
"997",2014-06-19,2014,6,19,14.4,2.5,8.5,NA,0,"<31","76",0.986111111111111,1
"998",2014-06-20,2014,6,20,16.1,1.9,9,NA,0,"<31","76",0.988888888888889,0
"999",2014-06-20,2014,6,20,16.1,1.9,9,NA,0,"<31","76",0.988888888888889,1
"1000",2014-06-21,2014,6,21,20.9,2.1,11.5,NA,0,"52","76",0.979861111111111,0
"1001",2014-06-21,2014,6,21,20.9,2.1,11.5,NA,0,"52","76",0.979861111111111,1
"1002",2014-06-22,2014,6,22,15,3.7,9.4,NA,0,"46","76",0.999305555555556,0
"1003",2014-06-22,2014,6,22,15,3.7,9.4,NA,0,"46","76",0.999305555555556,1
"1004",2014-06-23,2014,6,23,17.5,2.9,10.2,NA,0,"43","76",0.998611111111111,0
"1005",2014-06-23,2014,6,23,17.5,2.9,10.2,NA,0,"43","76",0.998611111111111,1
"1006",2014-06-24,2014,6,24,19.8,6.8,13.3,NA,0,"<31","76",0.990277777777778,0
"1007",2014-06-24,2014,6,24,19.8,6.8,13.3,NA,0,"<31","76",0.990277777777778,1
"1008",2014-06-25,2014,6,25,21.9,4.3,13.1,NA,0,"33","76",1,0
"1009",2014-06-25,2014,6,25,21.9,4.3,13.1,NA,0,"33","76",1,1
"1010",2014-06-26,2014,6,26,26.8,5.5,16.2,NA,1,"41","76",0.996527777777778,0
"1011",2014-06-26,2014,6,26,26.8,5.5,16.2,NA,1,"41","76",0.996527777777778,1
"1012",2014-06-27,2014,6,27,17,4.1,10.6,NA,3.2,"41","76",1,0
"1013",2014-06-27,2014,6,27,17,4.1,10.6,NA,3.2,"41","76",1,1
"1014",2014-06-22,2014,6,22,15,3.7,9.4,NA,0,"46","77",1,0
"1015",2014-06-23,2014,6,23,17.5,2.9,10.2,NA,0,"43","77",1,0
"1016",2014-06-24,2014,6,24,19.8,6.8,13.3,NA,0,"<31","77",1,0
"1017",2014-06-25,2014,6,25,21.9,4.3,13.1,NA,0,"33","77",1,0
"1018",2014-07-02,2014,7,2,19.6,7.9,13.8,NA,0,"46","77",1,0
"1019",2014-07-03,2014,7,3,19.3,5.9,12.6,NA,0,"39","77",0.986805555555556,0
"1020",2014-07-04,2014,7,4,17.7,6.3,12,NA,0,"<31","77",1,0
"1021",2014-07-05,2014,7,5,20.5,7.7,14.1,NA,0,"35","77",0.983333333333333,0
"1022",2014-07-06,2014,7,6,20.5,8.9,14.7,NA,0,"35","77",0.999305555555556,0
"1023",2014-07-07,2014,7,7,17,9.5,13.3,NA,2.4,"43","77",0.997916666666667,0
"1024",2014-07-08,2014,7,8,16.8,9.5,13.2,NA,0.2,"33","77",0.998611111111111,0
"1025",2014-07-09,2014,7,9,12.4,6.3,9.4,NA,0,"32","77",0.998611111111111,0
"1026",2014-07-10,2014,7,10,17.3,4.9,11.1,NA,0,"37","77",0.998161764705882,0
"1027",2014-06-11,2014,6,11,6.5,-1.4,2.6,NA,0,"39","78",1,0
"1028",2014-06-12,2014,6,12,14.5,0.5,7.5,NA,0.2,"44","78",0.995833333333333,0
"1029",2014-06-13,2014,6,13,14.6,0.3,7.5,NA,0,"<31","78",1,0
"1030",2014-06-16,2014,6,16,7.3,0.9,4.1,NA,0,"43","78",1,0
"1031",2014-06-17,2014,6,17,7.7,0.4,4.1,NA,0,"<31","78",0.989840348330914,0
"1032",2014-06-18,2014,6,18,11.2,0.2,5.7,NA,0,"<31","78",0.997333333333333,0
"1033",2014-06-26,2014,6,26,26.8,5.5,16.2,NA,1,"41","78",0.966861598440546,0
"1034",2014-06-27,2014,6,27,17,4.1,10.6,NA,3.2,"41","78",1,0
"1035",2014-06-28,2014,6,28,8,2.7,5.4,NA,0,"56","78",1,0
"1036",2014-06-29,2014,6,29,9.1,2.5,5.8,NA,0,"43","78",1,0
"1037",2014-06-30,2014,6,30,17.6,6.1,11.9,NA,0,"39","78",1,0
"1038",2014-07-01,2014,7,1,16.7,5.9,11.3,NA,0,"33","78",0.991477272727273,0
"1039",2014-07-09,2014,7,9,12.4,6.3,9.4,NA,0,"32","78",1,0
"1040",2014-07-10,2014,7,10,17.3,4.9,11.1,NA,0,"37","78",0.995138888888889,0
"1041",2014-07-11,2014,7,11,7.5,4.4,6,NA,8,"70","78",0.998611111111111,0
"1042",2014-07-12,2014,7,12,12.5,4.5,8.5,NA,4,"67","78",0.984027777777778,0
"1043",2014-07-13,2014,7,13,18,8.6,13.3,NA,0,"52","78",0.97979797979798,0
"1044",2014-06-21,2014,6,21,20.9,2.1,11.5,NA,0,"52","79",1,0
"1045",2014-06-21,2014,6,21,20.9,2.1,11.5,NA,0,"52","79",1,1
"1046",2014-06-22,2014,6,22,15,3.7,9.4,NA,0,"46","79",1,0
"1047",2014-06-22,2014,6,22,15,3.7,9.4,NA,0,"46","79",1,1
"1048",2014-06-23,2014,6,23,17.5,2.9,10.2,NA,0,"43","79",1,0
"1049",2014-06-23,2014,6,23,17.5,2.9,10.2,NA,0,"43","79",1,1
"1050",2014-06-24,2014,6,24,19.8,6.8,13.3,NA,0,"<31","79",1,0
"1051",2014-06-24,2014,6,24,19.8,6.8,13.3,NA,0,"<31","79",1,1
"1052",2014-06-25,2014,6,25,21.9,4.3,13.1,NA,0,"33","79",0.999305555555556,0
"1053",2014-06-25,2014,6,25,21.9,4.3,13.1,NA,0,"33","79",0.999305555555556,1
"1054",2014-06-26,2014,6,26,26.8,5.5,16.2,NA,1,"41","79",1,0
"1055",2014-06-26,2014,6,26,26.8,5.5,16.2,NA,1,"41","79",1,1
"1056",2014-06-27,2014,6,27,17,4.1,10.6,NA,3.2,"41","79",0.993055555555556,0
"1057",2014-06-27,2014,6,27,17,4.1,10.6,NA,3.2,"41","79",0.993055555555556,1
"1058",2014-06-28,2014,6,28,8,2.7,5.4,NA,0,"56","79",1,0
"1059",2014-06-28,2014,6,28,8,2.7,5.4,NA,0,"56","79",1,1
"1060",2014-06-30,2014,6,30,17.6,6.1,11.9,NA,0,"39","79",0.996784565916399,0
"1061",2014-06-30,2014,6,30,17.6,6.1,11.9,NA,0,"39","79",0.996784565916399,1
"1062",2014-07-01,2014,7,1,16.7,5.9,11.3,NA,0,"33","79",0.997916666666667,0
"1063",2014-07-01,2014,7,1,16.7,5.9,11.3,NA,0,"33","79",0.997916666666667,1
"1064",2014-07-02,2014,7,2,19.6,7.9,13.8,NA,0,"46","79",1,0
"1065",2014-07-02,2014,7,2,19.6,7.9,13.8,NA,0,"46","79",1,1
"1066",2014-07-03,2014,7,3,19.3,5.9,12.6,NA,0,"39","79",0.999305555555556,0
"1067",2014-07-03,2014,7,3,19.3,5.9,12.6,NA,0,"39","79",0.999305555555556,1
"1068",2014-07-04,2014,7,4,17.7,6.3,12,NA,0,"<31","79",0.999305555555556,0
"1069",2014-07-04,2014,7,4,17.7,6.3,12,NA,0,"<31","79",0.999305555555556,1
"1070",2014-07-05,2014,7,5,20.5,7.7,14.1,NA,0,"35","79",1,0
"1071",2014-07-05,2014,7,5,20.5,7.7,14.1,NA,0,"35","79",1,1
"1072",2014-07-06,2014,7,6,20.5,8.9,14.7,NA,0,"35","79",0.997175141242938,0
"1073",2014-07-06,2014,7,6,20.5,8.9,14.7,NA,0,"35","79",0.997175141242938,1
"1074",2014-07-14,2014,7,14,20.5,8.9,14.7,NA,0,"33","79",0.970760233918129,0
"1075",2014-07-14,2014,7,14,20.5,8.9,14.7,NA,0,"33","79",0.970760233918129,1
"1076",2014-07-15,2014,7,15,24.6,12.3,18.5,NA,0,"33","79",0.972916666666667,0
"1077",2014-07-15,2014,7,15,24.6,12.3,18.5,NA,0,"33","79",0.972916666666667,1
"1078",2014-07-16,2014,7,16,15.7,5.6,10.7,NA,0,"35","79",0.947723440134907,0
"1079",2014-07-16,2014,7,16,15.7,5.6,10.7,NA,0,"35","79",0.947723440134907,1
"1080",2014-06-05,2014,6,5,4.4,-2.2,1.1,NA,0,"39","8",1,NA
"1081",2014-06-06,2014,6,6,6.3,-2.4,2,NA,0,"37","8",1,NA
"1082",2014-06-07,2014,6,7,1.6,-0.8,0.4,0,3.4,"63","8",1,NA
"1083",2014-06-08,2014,6,8,5.1,-0.9,2.1,0,1.2,"32","8",0.985734664764622,NA
"1084",2014-06-09,2014,6,9,7.2,0.7,4,NA,0.6,"41","8",1,NA
"1085",2014-06-10,2014,6,10,8,0.2,4.1,NA,0,"<31","8",0.994436717663421,NA
"1086",2014-06-11,2014,6,11,6.5,-1.4,2.6,NA,0,"39","8",1,NA
"1087",2014-06-12,2014,6,12,14.5,0.5,7.5,NA,0.2,"44","8",1,NA
"1088",2014-06-13,2014,6,13,14.6,0.3,7.5,NA,0,"<31","8",0.998589562764457,NA
"1089",2014-06-14,2014,6,14,21.6,1.6,11.6,NA,0,"<31","8",1,NA
"1090",2014-06-15,2014,6,15,20.8,2.4,11.6,NA,0.4,"43","8",0.943127962085308,NA
"1091",2014-06-16,2014,6,16,7.3,0.9,4.1,NA,0,"43","8",0.997222222222222,NA
"1092",2014-06-17,2014,6,17,7.7,0.4,4.1,NA,0,"<31","8",0.996527777777778,NA
"1093",2014-06-18,2014,6,18,11.2,0.2,5.7,NA,0,"<31","8",0.999305555555556,NA
"1094",2014-06-19,2014,6,19,14.4,2.5,8.5,NA,0,"<31","8",0.999305555555556,NA
"1095",2014-06-20,2014,6,20,16.1,1.9,9,NA,0,"<31","8",0.999305555555556,NA
"1096",2014-06-21,2014,6,21,20.9,2.1,11.5,NA,0,"52","8",0.999305555555556,NA
"1097",2014-06-22,2014,6,22,15,3.7,9.4,NA,0,"46","8",1,NA
"1098",2014-06-23,2014,6,23,17.5,2.9,10.2,NA,0,"43","8",0.990277777777778,NA
"1099",2014-06-24,2014,6,24,19.8,6.8,13.3,NA,0,"<31","8",0.999305555555556,NA
"1100",2014-06-25,2014,6,25,21.9,4.3,13.1,NA,0,"33","8",0.997222222222222,NA
"1101",2014-06-26,2014,6,26,26.8,5.5,16.2,NA,1,"41","8",1,NA
"1102",2014-06-22,2014,6,22,15,3.7,9.4,NA,0,"46","85",1,0
"1103",2014-06-22,2014,6,22,15,3.7,9.4,NA,0,"46","85",1,1
"1104",2014-06-23,2014,6,23,17.5,2.9,10.2,NA,0,"43","85",1,0
"1105",2014-06-23,2014,6,23,17.5,2.9,10.2,NA,0,"43","85",1,1
"1106",2014-06-24,2014,6,24,19.8,6.8,13.3,NA,0,"<31","85",1,0
"1107",2014-06-24,2014,6,24,19.8,6.8,13.3,NA,0,"<31","85",1,1
"1108",2014-06-25,2014,6,25,21.9,4.3,13.1,NA,0,"33","85",1,0
"1109",2014-06-25,2014,6,25,21.9,4.3,13.1,NA,0,"33","85",1,1
"1110",2014-06-26,2014,6,26,26.8,5.5,16.2,NA,1,"41","85",1,0
"1111",2014-06-26,2014,6,26,26.8,5.5,16.2,NA,1,"41","85",1,1
"1112",2014-07-02,2014,7,2,19.6,7.9,13.8,NA,0,"46","85",0.975397973950796,0
"1113",2014-07-02,2014,7,2,19.6,7.9,13.8,NA,0,"46","85",0.975397973950796,1
"1114",2014-07-03,2014,7,3,19.3,5.9,12.6,NA,0,"39","85",1,0
"1115",2014-07-03,2014,7,3,19.3,5.9,12.6,NA,0,"39","85",1,1
"1116",2014-07-04,2014,7,4,17.7,6.3,12,NA,0,"<31","85",1,0
"1117",2014-07-04,2014,7,4,17.7,6.3,12,NA,0,"<31","85",1,1
"1118",2014-07-05,2014,7,5,20.5,7.7,14.1,NA,0,"35","85",1,0
"1119",2014-07-05,2014,7,5,20.5,7.7,14.1,NA,0,"35","85",1,1
"1120",2014-07-06,2014,7,6,20.5,8.9,14.7,NA,0,"35","85",1,0
"1121",2014-07-06,2014,7,6,20.5,8.9,14.7,NA,0,"35","85",1,1
"1122",2014-07-07,2014,7,7,17,9.5,13.3,NA,2.4,"43","85",1,0
"1123",2014-07-07,2014,7,7,17,9.5,13.3,NA,2.4,"43","85",1,1
"1124",2014-07-08,2014,7,8,16.8,9.5,13.2,NA,0.2,"33","85",0.999305555555556,0
"1125",2014-07-08,2014,7,8,16.8,9.5,13.2,NA,0.2,"33","85",0.999305555555556,1
"1126",2014-07-09,2014,7,9,12.4,6.3,9.4,NA,0,"32","85",1,0
"1127",2014-07-09,2014,7,9,12.4,6.3,9.4,NA,0,"32","85",1,1
"1128",2014-07-10,2014,7,10,17.3,4.9,11.1,NA,0,"37","85",1,0
"1129",2014-07-10,2014,7,10,17.3,4.9,11.1,NA,0,"37","85",1,1
"1130",2014-06-05,2014,6,5,4.4,-2.2,1.1,NA,0,"39","88",0.943181818181818,0
"1131",2014-06-06,2014,6,6,6.3,-2.4,2,NA,0,"37","88",0.976421636615811,0
"1132",2014-06-07,2014,6,7,1.6,-0.8,0.4,0,3.4,"63","88",1,0
"1133",2014-06-08,2014,6,8,5.1,-0.9,2.1,0,1.2,"32","88",1,0
"1134",2014-06-11,2014,6,11,6.5,-1.4,2.6,NA,0,"39","88",0.969486823855756,0
"1135",2014-06-12,2014,6,12,14.5,0.5,7.5,NA,0.2,"44","88",1,0
"1136",2014-06-20,2014,6,20,16.1,1.9,9,NA,0,"<31","88",0.989429175475687,0
"1137",2014-06-21,2014,6,21,20.9,2.1,11.5,NA,0,"52","88",0.998613037447989,0
"1138",2014-06-22,2014,6,22,15,3.7,9.4,NA,0,"46","88",1,0
"1139",2014-06-23,2014,6,23,17.5,2.9,10.2,NA,0,"43","88",1,0
"1140",2014-06-30,2014,6,30,17.6,6.1,11.9,NA,0,"39","88",0.989501312335958,0
"1141",2014-07-01,2014,7,1,16.7,5.9,11.3,NA,0,"33","88",1,0
"1142",2014-07-02,2014,7,2,19.6,7.9,13.8,NA,0,"46","88",1,0
"1143",2014-07-03,2014,7,3,19.3,5.9,12.6,NA,0,"39","88",0.998829039812646,0
"1144",2014-07-13,2014,7,13,18,8.6,13.3,NA,0,"52","88",0.940199335548173,0
"1145",2014-07-14,2014,7,14,20.5,8.9,14.7,NA,0,"33","88",0.972222222222222,0
"1146",2014-07-15,2014,7,15,24.6,12.3,18.5,NA,0,"33","88",0.988875154511743,0
"1147",2014-06-30,2014,6,30,17.6,6.1,11.9,NA,0,"39","95",0.00673400673400673,NA
"1148",2014-07-01,2014,7,1,16.7,5.9,11.3,NA,0,"33","95",0,NA
"1149",2014-07-02,2014,7,2,19.6,7.9,13.8,NA,0,"46","95",0,NA
"1150",2014-07-03,2014,7,3,19.3,5.9,12.6,NA,0,"39","95",0,NA
"1151",2014-07-04,2014,7,4,17.7,6.3,12,NA,0,"<31","95",0,NA
"1152",2014-07-05,2014,7,5,20.5,7.7,14.1,NA,0,"35","95",0,NA
"1153",2014-07-06,2014,7,6,20.5,8.9,14.7,NA,0,"35","95",0,NA
"1154",2014-07-07,2014,7,7,17,9.5,13.3,NA,2.4,"43","95",0,NA
"1155",2014-07-08,2014,7,8,16.8,9.5,13.2,NA,0.2,"33","95",0,NA
"1156",2014-07-09,2014,7,9,12.4,6.3,9.4,NA,0,"32","95",0.103092783505155,NA
"1157",2014-07-10,2014,7,10,17.3,4.9,11.1,NA,0,"37","95",0,NA
"1158",2014-07-11,2014,7,11,7.5,4.4,6,NA,8,"70","95",0,NA
"1159",2014-07-12,2014,7,12,12.5,4.5,8.5,NA,4,"67","95",0,NA
"1160",2014-07-13,2014,7,13,18,8.6,13.3,NA,0,"52","95",0.9,NA
"1161",2014-06-12,2014,6,12,14.5,0.5,7.5,NA,0.2,"44","97",1,1
"1162",2014-06-13,2014,6,13,14.6,0.3,7.5,NA,0,"<31","97",0.995138888888889,1
"1163",2014-06-14,2014,6,14,21.6,1.6,11.6,NA,0,"<31","97",0.999305555555556,1
"1164",2014-06-15,2014,6,15,20.8,2.4,11.6,NA,0.4,"43","97",1,1
"1165",2014-06-16,2014,6,16,7.3,0.9,4.1,NA,0,"43","97",0.988194444444444,1
"1166",2014-06-17,2014,6,17,7.7,0.4,4.1,NA,0,"<31","97",1,1
"1167",2014-06-18,2014,6,18,11.2,0.2,5.7,NA,0,"<31","97",1,1
"1168",2014-06-19,2014,6,19,14.4,2.5,8.5,NA,0,"<31","97",1,1
"1169",2014-06-20,2014,6,20,16.1,1.9,9,NA,0,"<31","97",0.999305555555556,1
"1170",2014-06-21,2014,6,21,20.9,2.1,11.5,NA,0,"52","97",0.999305555555556,1
"1171",2014-06-22,2014,6,22,15,3.7,9.4,NA,0,"46","97",0.977777777777778,1
"1172",2014-06-23,2014,6,23,17.5,2.9,10.2,NA,0,"43","97",0.982737361282367,1
"1173",2014-06-24,2014,6,24,19.8,6.8,13.3,NA,0,"<31","97",0.995833333333333,1
"1174",2014-06-25,2014,6,25,21.9,4.3,13.1,NA,0,"33","97",1,1
"1175",2014-06-26,2014,6,26,26.8,5.5,16.2,NA,1,"41","97",0.997226074895978,1
"1176",2014-06-27,2014,6,27,17,4.1,10.6,NA,3.2,"41","97",0.998613037447989,1
"1177",2014-06-28,2014,6,28,8,2.7,5.4,NA,0,"56","97",1,1
"1178",2014-06-29,2014,6,29,9.1,2.5,5.8,NA,0,"43","97",1,1
"1179",2014-06-30,2014,6,30,17.6,6.1,11.9,NA,0,"39","97",1,1
"1180",2014-07-01,2014,7,1,16.7,5.9,11.3,NA,0,"33","97",1,1
"1181",2014-07-02,2014,7,2,19.6,7.9,13.8,NA,0,"46","97",1,1
"1182",2014-07-03,2014,7,3,19.3,5.9,12.6,NA,0,"39","97",1,1
"1183",2014-07-04,2014,7,4,17.7,6.3,12,NA,0,"<31","97",1,1
"1184",2014-07-05,2014,7,5,20.5,7.7,14.1,NA,0,"35","97",1,1
"1185",2014-07-06,2014,7,6,20.5,8.9,14.7,NA,0,"35","97",1,1
"1186",2014-07-07,2014,7,7,17,9.5,13.3,NA,2.4,"43","97",1,1
"1187",2014-07-08,2014,7,8,16.8,9.5,13.2,NA,0.2,"33","97",1,1
"1188",2014-07-09,2014,7,9,12.4,6.3,9.4,NA,0,"32","97",1,1
"1189",2014-07-10,2014,7,10,17.3,4.9,11.1,NA,0,"37","97",1,1
"1190",2014-07-11,2014,7,11,7.5,4.4,6,NA,8,"70","97",1,1
"1191",2014-07-12,2014,7,12,12.5,4.5,8.5,NA,4,"67","97",1,1
"1192",2014-07-13,2014,7,13,18,8.6,13.3,NA,0,"52","97",1,1
