"","date","year","month","day","maxTemp","minTemp","meanTemp","snoGrnd","precip","wind","site","prop","yday","b_size","b_weight","b_age","trt"
"1",2015-07-16,2015,7,16,9.4,4.8,7.1,NA,0,"33",1,1,197,1,36.2416666666667,1,0
"2",2015-07-17,2015,7,17,15.8,6.1,11,NA,NA,"<31",1,1,198,2,76.2503623188406,2,0
"3",2015-07-21,2015,7,21,14.2,7.7,11,NA,2.8,"37",1,1,202,3,255.562939958592,6,0
"4",2015-07-22,2015,7,22,13.4,7.1,10.3,NA,0,"33",1,0.941666666666667,203,3,327.131501831501,7,0
"5",2015-07-23,2015,7,23,9.9,6.1,8,NA,0,"41",1,0.973611111111111,204,3,396.369597069596,8,0
"6",2015-07-24,2015,7,24,9.2,6,7.6,NA,0.6,"41",1,0.958041958041958,205,3,478.080013736263,9,0
"7",2015-07-25,2015,7,25,8.1,6.1,7.1,NA,6.6,"<31",1,0.849791376912378,206,3,566.577199477351,10,0
"8",2015-07-26,2015,7,26,13.4,6.4,9.9,NA,NA,"<31",1,0.819444444444444,207,3,687.58612804878,11,0
"9",2015-07-27,2015,7,27,12.9,6.2,9.6,NA,0,"<31",1,0.573611111111111,208,3,794.833287139689,12,0
"10",2015-07-18,2015,7,18,9.5,5.8,7.7,NA,1.6,"46",119,0.997916666666667,199,1,36.2416666666667,1,0
"11",2015-07-19,2015,7,19,13.3,7,10.2,NA,0.2,"37",119,0.992361111111111,200,2,76.2503623188406,2,0
"12",2015-07-20,2015,7,20,11.1,7.1,9.1,NA,10.6,"48",119,0.99468085106383,201,2,91.4869565217391,3,0
"13",2015-07-21,2015,7,21,14.2,7.7,11,NA,2.8,"37",119,0.994638069705094,202,2,112.217391304348,4,0
"14",2015-07-22,2015,7,22,13.4,7.1,10.3,NA,0,"33",119,0.977083333333333,203,2,145.429606625259,5,0
"15",2015-07-23,2015,7,23,9.9,6.1,8,NA,0,"41",119,0.989583333333333,204,2,194.823809523809,6,0
"16",2015-07-24,2015,7,24,9.2,6,7.6,NA,0.6,"41",119,0.992361111111111,205,2,242.441025641025,7,0
"17",2015-07-25,2015,7,25,8.1,6.1,7.1,NA,6.6,"<31",119,0.983333333333333,206,2,286.236263736263,8,0
"18",2015-07-26,2015,7,26,13.4,6.4,9.9,NA,NA,"<31",119,0.852459016393443,207,2,345.772321428571,9,0
"19",2015-07-27,2015,7,27,12.9,6.2,9.6,NA,0,"<31",119,0.906116642958748,208,2,412.64862804878,10,0
"20",2015-07-28,2015,7,28,19.6,8.5,14.1,NA,0,"<31",119,0.944444444444444,209,2,495.74237804878,11,0
"21",2015-07-29,2015,7,29,15,8.8,11.9,NA,1.4,"<31",119,0.674647887323944,210,2,574.028409090909,12,0
"22",2015-07-22,2015,7,22,13.4,7.1,10.3,NA,0,"33",19,0.994444444444444,203,4,144.966666666667,1,0
"23",2015-07-23,2015,7,23,9.9,6.1,8,NA,0,"41",19,0.987412587412587,204,4,160.034782608696,2,0
"24",2015-07-24,2015,7,24,9.2,6,7.6,NA,0.6,"41",19,0.984485190409027,205,4,205.913043478261,3,0
"25",2015-07-25,2015,7,25,8.1,6.1,7.1,NA,6.6,"<31",19,0.986111111111111,206,4,242.95652173913,4,0
"26",2015-07-26,2015,7,26,13.4,6.4,9.9,NA,NA,"<31",19,0.931944444444444,207,4,338.761904761905,5,0
"27",2015-07-27,2015,7,27,12.9,6.2,9.6,NA,0,"<31",19,0.893055555555556,208,4,440.533333333332,6,0
"28",2015-07-28,2015,7,28,19.6,8.5,14.1,NA,0,"<31",19,0.713888888888889,209,4,529.230769230768,7,0
"29",2015-07-29,2015,7,29,15,8.8,11.9,NA,1.4,"<31",19,0.686111111111111,210,4,615.714285714284,8,0
"30",2015-07-30,2015,7,30,15.9,10.1,13,NA,0.4,"56",19,0.504867872044506,211,4,767.375,9,0
"31",2015-07-31,2015,7,31,11.9,7.3,9.6,NA,5.4,"78",19,0.949295774647887,212,4,883.21951219512,10,0
"32",2015-08-01,2015,8,1,8.1,6.7,7.4,NA,19.2,"59",19,0.500713266761769,213,4,1099.75,11,0
"33",2015-07-19,2015,7,19,13.3,7,10.2,NA,0.2,"37",35,1,200,3,108.725,1,0
"34",2015-07-20,2015,7,20,11.1,7.1,9.1,NA,10.6,"48",35,1,201,3,120.026086956522,2,0
"35",2015-07-22,2015,7,22,13.4,7.1,10.3,NA,0,"33",35,0.991666666666667,203,4,222.226086956522,4,0
"36",2015-07-23,2015,7,23,9.9,6.1,8,NA,0,"41",35,0.995356037151703,204,4,305.549689440994,5,0
"37",2015-07-28,2015,7,28,19.6,8.5,14.1,NA,0,"<31",35,1,209,2,612.482219865676,10,0
"38",2015-07-15,2015,7,15,14.4,6.1,10.3,NA,0,"<31",39,0.999305555555556,196,2,72.4833333333334,1,0
"39",2015-07-16,2015,7,16,9.4,4.8,7.1,NA,0,"33",39,0.998717948717949,197,3,116.259057971014,2,0
"40",2015-07-17,2015,7,17,15.8,6.1,11,NA,NA,"<31",39,1,198,3,142.965217391304,3,0
"41",2015-07-18,2015,7,18,9.5,5.8,7.7,NA,1.6,"46",39,0.997214484679666,199,3,172.95652173913,4,0
"42",2015-07-19,2015,7,19,13.3,7,10.2,NA,0.2,"37",39,0.998611111111111,200,3,230.120082815735,5,0
"43",2015-07-20,2015,7,20,11.1,7.1,9.1,NA,10.6,"48",39,0.9875,201,3,304.957142857142,6,0
"44",2015-07-21,2015,7,21,14.2,7.7,11,NA,2.8,"37",39,0.994444444444444,202,3,374.748717948717,7,0
"45",2015-07-22,2015,7,22,13.4,7.1,10.3,NA,0,"33",39,0.978339350180505,203,3,440.164835164834,8,0
"46",2015-07-19,2015,7,19,13.3,7,10.2,NA,0.2,"37",53,0.998313659359191,200,2,76.2503623188406,2,0
"47",2015-07-20,2015,7,20,11.1,7.1,9.1,NA,10.6,"48",53,1,201,3,127.728623188406,3,0
"48",2015-07-21,2015,7,21,14.2,7.7,11,NA,2.8,"37",53,0.984722222222222,202,3,152.226086956522,4,0
"49",2015-07-22,2015,7,22,13.4,7.1,10.3,NA,0,"33",53,0.997222222222222,203,3,196.907867494824,5,0
"50",2015-07-23,2015,7,23,9.9,6.1,8,NA,0,"41",53,0.991655076495132,204,4,291.804606625258,6,0
"51",2015-07-24,2015,7,24,9.2,6,7.6,NA,0.6,"41",53,0.991655076495132,205,4,367.140197483675,7,0
"52",2015-07-26,2015,7,26,13.4,6.4,9.9,NA,NA,"<31",53,0.930555555555556,207,4,538.819144171046,9,0
"53",2015-07-27,2015,7,27,12.9,6.2,9.6,NA,0,"<31",53,0.943055555555556,208,4,651.267675667827,10,0
"54",2015-07-28,2015,7,28,19.6,8.5,14.1,NA,0,"<31",53,0.557719054242003,209,4,797.719461382113,11,0
"55",2015-07-29,2015,7,29,15,8.8,11.9,NA,1.4,"<31",53,0.651388888888889,210,4,927.140979447381,12,0
"56",2015-07-18,2015,7,18,9.5,5.8,7.7,NA,1.6,"46",67,0.986509274873524,199,4,233.695652173913,4,0
"57",2015-07-19,2015,7,19,13.3,7,10.2,NA,0.2,"37",67,0.942978723404255,200,4,314.810559006211,5,0
"58",2015-07-20,2015,7,20,11.1,7.1,9.1,NA,10.6,"48",67,0.96889400921659,201,4,415.090476190475,6,0
"59",2015-07-21,2015,7,21,14.2,7.7,11,NA,2.8,"37",67,0.775427176566314,202,4,507.056410256409,7,0
"60",2015-07-22,2015,7,22,13.4,7.1,10.3,NA,0,"33",67,0.769444444444444,203,4,594.093406593405,8,0
"61",2015-07-23,2015,7,23,9.9,6.1,8,NA,0,"41",67,0.759722222222222,204,4,729.459821428571,9,0
"62",2015-07-24,2015,7,24,9.2,6,7.6,NA,0.6,"41",67,0.863494539781591,205,4,854.25838414634,10,0
"63",2015-07-25,2015,7,25,8.1,6.1,7.1,NA,6.6,"<31",67,0.917233560090703,206,3,1016.65625,11,0
"64",2015-07-26,2015,7,26,13.4,6.4,9.9,NA,NA,"<31",67,0.658303464755078,207,3,1089.11647727273,12,0
"65",2015-07-15,2015,7,15,14.4,6.1,10.3,NA,0,"<31",75,1,196,1,36.2416666666667,1,0
"66",2015-07-16,2015,7,16,9.4,4.8,7.1,NA,0,"33",75,0.997222222222222,197,2,76.2503623188406,2,0
"67",2015-07-17,2015,7,17,15.8,6.1,11,NA,NA,"<31",75,0.993660855784469,198,2,91.4869565217391,3,0
"68",2015-07-18,2015,7,18,9.5,5.8,7.7,NA,1.6,"46",75,0.990277777777778,199,3,148.459057971014,4,0
"69",2015-07-19,2015,7,19,13.3,7,10.2,NA,0.2,"37",75,0.994444444444444,200,3,185.438302277433,5,0
"70",2015-07-22,2015,7,22,13.4,7.1,10.3,NA,0,"33",75,0.959722222222222,203,3,370.926739926739,8,0
"71",2015-07-23,2015,7,23,9.9,6.1,8,NA,0,"41",75,0.980528511821975,204,3,455.905654761904,9,0
"72",2015-07-24,2015,7,24,9.2,6,7.6,NA,0.6,"41",75,0.993036211699164,205,3,544.956320356472,10,0
"73",2015-07-15,2015,7,15,14.4,6.1,10.3,NA,0,"<31",85,0.980456026058632,196,2,72.4833333333334,1,0
"74",2015-07-16,2015,7,16,9.4,4.8,7.1,NA,0,"33",85,1,197,2,80.0173913043478,2,0
"75",2015-07-19,2015,7,19,13.3,7,10.2,NA,0.2,"37",85,0.923211169284468,200,3,209.389648033126,5,0
"76",2015-07-20,2015,7,20,11.1,7.1,9.1,NA,10.6,"48",85,0.998611111111111,201,3,271.744927536231,6,0
"77",2015-07-21,2015,7,21,14.2,7.7,11,NA,2.8,"37",85,0.934722222222222,202,3,325.354515050167,7,0
"78",2015-07-22,2015,7,22,13.4,7.1,10.3,NA,0,"33",85,0.927777777777778,203,3,392.547619047618,8,0
"79",2015-07-23,2015,7,23,9.9,6.1,8,NA,0,"41",85,0.884722222222222,204,3,493.820833333333,9,0
"80",2015-07-24,2015,7,24,9.2,6,7.6,NA,0.6,"41",85,0.905555555555556,205,3,573.917448405252,10,0
"81",2015-07-25,2015,7,25,8.1,6.1,7.1,NA,6.6,"<31",85,0.95258019525802,206,3,703.803571428571,11,0
"82",2015-07-26,2015,7,26,13.4,6.4,9.9,NA,NA,"<31",85,0.806944444444444,207,3,790.025568181818,12,0
"83",2015-07-17,2015,7,17,15.8,6.1,11,NA,NA,"<31",89,0.995138888888889,198,1,36.2416666666667,1,0
"84",2015-07-18,2015,7,18,9.5,5.8,7.7,NA,1.6,"46",89,1,199,2,76.2503623188406,2,0
"85",2015-07-19,2015,7,19,13.3,7,10.2,NA,0.2,"37",89,0.980891719745223,200,2,91.4869565217391,3,0
"86",2015-07-20,2015,7,20,11.1,7.1,9.1,NA,10.6,"48",89,1,201,2,112.217391304348,4,0
"87",2015-07-21,2015,7,21,14.2,7.7,11,NA,2.8,"37",89,0.634615384615385,202,2,145.429606625259,5,0
"88",2015-07-22,2015,7,22,13.4,7.1,10.3,NA,0,"33",89,0,203,2,194.823809523809,6,0
"89",2015-07-23,2015,7,23,9.9,6.1,8,NA,0,"41",89,0.972972972972973,204,2,242.441025641025,7,0
"90",2015-07-24,2015,7,24,9.2,6,7.6,NA,0.6,"41",89,0.98884239888424,205,2,286.236263736263,8,0
"91",2015-07-25,2015,7,25,8.1,6.1,7.1,NA,6.6,"<31",89,0.954929577464789,206,2,345.772321428571,9,0
"92",2015-07-26,2015,7,26,13.4,6.4,9.9,NA,NA,"<31",89,0.844444444444444,207,2,412.64862804878,10,0
"93",2015-07-27,2015,7,27,12.9,6.2,9.6,NA,0,"<31",89,0.623611111111111,208,2,495.74237804878,11,0
"94",2015-07-28,2015,7,28,19.6,8.5,14.1,NA,0,"<31",89,0.579166666666667,209,2,574.028409090909,12,0
"95",2015-07-16,2015,7,16,9.4,4.8,7.1,NA,0,"33",1,1,197,1,36.2416666666667,1,0
"96",2015-07-17,2015,7,17,15.8,6.1,11,NA,NA,"<31",1,1,198,2,76.2503623188406,2,0
"97",2015-07-21,2015,7,21,14.2,7.7,11,NA,2.8,"37",1,1,202,3,255.562939958592,6,0
"98",2015-07-22,2015,7,22,13.4,7.1,10.3,NA,0,"33",1,0.941666666666667,203,3,327.131501831501,7,0
"99",2015-07-23,2015,7,23,9.9,6.1,8,NA,0,"41",1,0.973611111111111,204,3,396.369597069596,8,0
"100",2015-07-24,2015,7,24,9.2,6,7.6,NA,0.6,"41",1,0.958041958041958,205,3,478.080013736263,9,0
"101",2015-07-25,2015,7,25,8.1,6.1,7.1,NA,6.6,"<31",1,0.849791376912378,206,3,566.577199477351,10,0
"102",2015-07-26,2015,7,26,13.4,6.4,9.9,NA,NA,"<31",1,0.819444444444444,207,3,687.58612804878,11,0
"103",2015-07-27,2015,7,27,12.9,6.2,9.6,NA,0,"<31",1,0.573611111111111,208,3,794.833287139689,12,0
"104",2015-07-18,2015,7,18,9.5,5.8,7.7,NA,1.6,"46",119,0.997916666666667,199,1,36.2416666666667,1,0
"105",2015-07-19,2015,7,19,13.3,7,10.2,NA,0.2,"37",119,0.992361111111111,200,2,76.2503623188406,2,0
"106",2015-07-20,2015,7,20,11.1,7.1,9.1,NA,10.6,"48",119,0.99468085106383,201,2,91.4869565217391,3,0
"107",2015-07-21,2015,7,21,14.2,7.7,11,NA,2.8,"37",119,0.994638069705094,202,2,112.217391304348,4,0
"108",2015-07-22,2015,7,22,13.4,7.1,10.3,NA,0,"33",119,0.977083333333333,203,2,145.429606625259,5,0
"109",2015-07-23,2015,7,23,9.9,6.1,8,NA,0,"41",119,0.989583333333333,204,2,194.823809523809,6,0
"110",2015-07-24,2015,7,24,9.2,6,7.6,NA,0.6,"41",119,0.992361111111111,205,2,242.441025641025,7,0
"111",2015-07-25,2015,7,25,8.1,6.1,7.1,NA,6.6,"<31",119,0.983333333333333,206,2,286.236263736263,8,0
"112",2015-07-26,2015,7,26,13.4,6.4,9.9,NA,NA,"<31",119,0.852459016393443,207,2,345.772321428571,9,0
"113",2015-07-27,2015,7,27,12.9,6.2,9.6,NA,0,"<31",119,0.906116642958748,208,2,412.64862804878,10,0
"114",2015-07-28,2015,7,28,19.6,8.5,14.1,NA,0,"<31",119,0.944444444444444,209,2,495.74237804878,11,0
"115",2015-07-29,2015,7,29,15,8.8,11.9,NA,1.4,"<31",119,0.674647887323944,210,2,574.028409090909,12,0
"116",2015-07-22,2015,7,22,13.4,7.1,10.3,NA,0,"33",19,0.994444444444444,203,4,144.966666666667,1,0
"117",2015-07-23,2015,7,23,9.9,6.1,8,NA,0,"41",19,0.987412587412587,204,4,160.034782608696,2,0
"118",2015-07-24,2015,7,24,9.2,6,7.6,NA,0.6,"41",19,0.984485190409027,205,4,205.913043478261,3,0
"119",2015-07-25,2015,7,25,8.1,6.1,7.1,NA,6.6,"<31",19,0.986111111111111,206,4,242.95652173913,4,0
"120",2015-07-26,2015,7,26,13.4,6.4,9.9,NA,NA,"<31",19,0.931944444444444,207,4,338.761904761905,5,0
"121",2015-07-27,2015,7,27,12.9,6.2,9.6,NA,0,"<31",19,0.893055555555556,208,4,440.533333333332,6,0
"122",2015-07-28,2015,7,28,19.6,8.5,14.1,NA,0,"<31",19,0.713888888888889,209,4,529.230769230768,7,0
"123",2015-07-29,2015,7,29,15,8.8,11.9,NA,1.4,"<31",19,0.686111111111111,210,4,615.714285714284,8,0
"124",2015-07-30,2015,7,30,15.9,10.1,13,NA,0.4,"56",19,0.504867872044506,211,4,767.375,9,0
"125",2015-07-31,2015,7,31,11.9,7.3,9.6,NA,5.4,"78",19,0.949295774647887,212,4,883.21951219512,10,0
"126",2015-08-01,2015,8,1,8.1,6.7,7.4,NA,19.2,"59",19,0.500713266761769,213,4,1099.75,11,0
"127",2015-07-19,2015,7,19,13.3,7,10.2,NA,0.2,"37",35,1,200,3,108.725,1,0
"128",2015-07-20,2015,7,20,11.1,7.1,9.1,NA,10.6,"48",35,1,201,3,120.026086956522,2,0
"129",2015-07-22,2015,7,22,13.4,7.1,10.3,NA,0,"33",35,0.991666666666667,203,4,222.226086956522,4,0
"130",2015-07-23,2015,7,23,9.9,6.1,8,NA,0,"41",35,0.995356037151703,204,4,305.549689440994,5,0
"131",2015-07-28,2015,7,28,19.6,8.5,14.1,NA,0,"<31",35,1,209,2,612.482219865676,10,0
"132",2015-07-15,2015,7,15,14.4,6.1,10.3,NA,0,"<31",39,0.999305555555556,196,2,72.4833333333334,1,0
"133",2015-07-16,2015,7,16,9.4,4.8,7.1,NA,0,"33",39,0.998717948717949,197,3,116.259057971014,2,0
"134",2015-07-17,2015,7,17,15.8,6.1,11,NA,NA,"<31",39,1,198,3,142.965217391304,3,0
"135",2015-07-18,2015,7,18,9.5,5.8,7.7,NA,1.6,"46",39,0.997214484679666,199,3,172.95652173913,4,0
"136",2015-07-19,2015,7,19,13.3,7,10.2,NA,0.2,"37",39,0.998611111111111,200,3,230.120082815735,5,0
"137",2015-07-20,2015,7,20,11.1,7.1,9.1,NA,10.6,"48",39,0.9875,201,3,304.957142857142,6,0
"138",2015-07-21,2015,7,21,14.2,7.7,11,NA,2.8,"37",39,0.994444444444444,202,3,374.748717948717,7,0
"139",2015-07-22,2015,7,22,13.4,7.1,10.3,NA,0,"33",39,0.978339350180505,203,3,440.164835164834,8,0
"140",2015-07-19,2015,7,19,13.3,7,10.2,NA,0.2,"37",53,0.998313659359191,200,2,76.2503623188406,2,0
"141",2015-07-20,2015,7,20,11.1,7.1,9.1,NA,10.6,"48",53,1,201,3,127.728623188406,3,0
"142",2015-07-21,2015,7,21,14.2,7.7,11,NA,2.8,"37",53,0.984722222222222,202,3,152.226086956522,4,0
"143",2015-07-22,2015,7,22,13.4,7.1,10.3,NA,0,"33",53,0.997222222222222,203,3,196.907867494824,5,0
"144",2015-07-23,2015,7,23,9.9,6.1,8,NA,0,"41",53,0.991655076495132,204,4,291.804606625258,6,0
"145",2015-07-24,2015,7,24,9.2,6,7.6,NA,0.6,"41",53,0.991655076495132,205,4,367.140197483675,7,0
"146",2015-07-26,2015,7,26,13.4,6.4,9.9,NA,NA,"<31",53,0.930555555555556,207,4,538.819144171046,9,0
"147",2015-07-27,2015,7,27,12.9,6.2,9.6,NA,0,"<31",53,0.943055555555556,208,4,651.267675667827,10,0
"148",2015-07-28,2015,7,28,19.6,8.5,14.1,NA,0,"<31",53,0.557719054242003,209,4,797.719461382113,11,0
"149",2015-07-29,2015,7,29,15,8.8,11.9,NA,1.4,"<31",53,0.651388888888889,210,4,927.140979447381,12,0
"150",2015-07-18,2015,7,18,9.5,5.8,7.7,NA,1.6,"46",67,0.986509274873524,199,4,233.695652173913,4,0
"151",2015-07-19,2015,7,19,13.3,7,10.2,NA,0.2,"37",67,0.942978723404255,200,4,314.810559006211,5,0
"152",2015-07-20,2015,7,20,11.1,7.1,9.1,NA,10.6,"48",67,0.96889400921659,201,4,415.090476190475,6,0
"153",2015-07-21,2015,7,21,14.2,7.7,11,NA,2.8,"37",67,0.775427176566314,202,4,507.056410256409,7,0
"154",2015-07-22,2015,7,22,13.4,7.1,10.3,NA,0,"33",67,0.769444444444444,203,4,594.093406593405,8,0
"155",2015-07-23,2015,7,23,9.9,6.1,8,NA,0,"41",67,0.759722222222222,204,4,729.459821428571,9,0
"156",2015-07-24,2015,7,24,9.2,6,7.6,NA,0.6,"41",67,0.863494539781591,205,4,854.25838414634,10,0
"157",2015-07-25,2015,7,25,8.1,6.1,7.1,NA,6.6,"<31",67,0.917233560090703,206,3,1016.65625,11,0
"158",2015-07-26,2015,7,26,13.4,6.4,9.9,NA,NA,"<31",67,0.658303464755078,207,3,1089.11647727273,12,0
"159",2015-07-15,2015,7,15,14.4,6.1,10.3,NA,0,"<31",75,1,196,1,36.2416666666667,1,0
"160",2015-07-16,2015,7,16,9.4,4.8,7.1,NA,0,"33",75,0.997222222222222,197,2,76.2503623188406,2,0
"161",2015-07-17,2015,7,17,15.8,6.1,11,NA,NA,"<31",75,0.993660855784469,198,2,91.4869565217391,3,0
"162",2015-07-18,2015,7,18,9.5,5.8,7.7,NA,1.6,"46",75,0.990277777777778,199,3,148.459057971014,4,0
"163",2015-07-19,2015,7,19,13.3,7,10.2,NA,0.2,"37",75,0.994444444444444,200,3,185.438302277433,5,0
"164",2015-07-22,2015,7,22,13.4,7.1,10.3,NA,0,"33",75,0.959722222222222,203,3,370.926739926739,8,0
"165",2015-07-23,2015,7,23,9.9,6.1,8,NA,0,"41",75,0.980528511821975,204,3,455.905654761904,9,0
"166",2015-07-24,2015,7,24,9.2,6,7.6,NA,0.6,"41",75,0.993036211699164,205,3,544.956320356472,10,0
"167",2015-07-15,2015,7,15,14.4,6.1,10.3,NA,0,"<31",85,0.980456026058632,196,2,72.4833333333334,1,0
"168",2015-07-16,2015,7,16,9.4,4.8,7.1,NA,0,"33",85,1,197,2,80.0173913043478,2,0
"169",2015-07-19,2015,7,19,13.3,7,10.2,NA,0.2,"37",85,0.923211169284468,200,3,209.389648033126,5,0
"170",2015-07-20,2015,7,20,11.1,7.1,9.1,NA,10.6,"48",85,0.998611111111111,201,3,271.744927536231,6,0
"171",2015-07-21,2015,7,21,14.2,7.7,11,NA,2.8,"37",85,0.934722222222222,202,3,325.354515050167,7,0
"172",2015-07-22,2015,7,22,13.4,7.1,10.3,NA,0,"33",85,0.927777777777778,203,3,392.547619047618,8,0
"173",2015-07-23,2015,7,23,9.9,6.1,8,NA,0,"41",85,0.884722222222222,204,3,493.820833333333,9,0
"174",2015-07-24,2015,7,24,9.2,6,7.6,NA,0.6,"41",85,0.905555555555556,205,3,573.917448405252,10,0
"175",2015-07-25,2015,7,25,8.1,6.1,7.1,NA,6.6,"<31",85,0.95258019525802,206,3,703.803571428571,11,0
"176",2015-07-26,2015,7,26,13.4,6.4,9.9,NA,NA,"<31",85,0.806944444444444,207,3,790.025568181818,12,0
"177",2015-07-17,2015,7,17,15.8,6.1,11,NA,NA,"<31",89,0.995138888888889,198,1,36.2416666666667,1,0
"178",2015-07-18,2015,7,18,9.5,5.8,7.7,NA,1.6,"46",89,1,199,2,76.2503623188406,2,0
"179",2015-07-19,2015,7,19,13.3,7,10.2,NA,0.2,"37",89,0.980891719745223,200,2,91.4869565217391,3,0
"180",2015-07-20,2015,7,20,11.1,7.1,9.1,NA,10.6,"48",89,1,201,2,112.217391304348,4,0
"181",2015-07-21,2015,7,21,14.2,7.7,11,NA,2.8,"37",89,0.634615384615385,202,2,145.429606625259,5,0
"182",2015-07-22,2015,7,22,13.4,7.1,10.3,NA,0,"33",89,0,203,2,194.823809523809,6,0
"183",2015-07-23,2015,7,23,9.9,6.1,8,NA,0,"41",89,0.972972972972973,204,2,242.441025641025,7,0
"184",2015-07-24,2015,7,24,9.2,6,7.6,NA,0.6,"41",89,0.98884239888424,205,2,286.236263736263,8,0
"185",2015-07-25,2015,7,25,8.1,6.1,7.1,NA,6.6,"<31",89,0.954929577464789,206,2,345.772321428571,9,0
"186",2015-07-26,2015,7,26,13.4,6.4,9.9,NA,NA,"<31",89,0.844444444444444,207,2,412.64862804878,10,0
"187",2015-07-27,2015,7,27,12.9,6.2,9.6,NA,0,"<31",89,0.623611111111111,208,2,495.74237804878,11,0
"188",2015-07-28,2015,7,28,19.6,8.5,14.1,NA,0,"<31",89,0.579166666666667,209,2,574.028409090909,12,0
"189",2016-07-10,2016,7,10,20.7,12.4,16.6,NA,0,"33",100,0.988408037094281,192,2,72.4833333333334,1,0
"190",2016-07-10,2016,7,10,20.7,12.4,16.6,NA,0,"33",100,0.988408037094281,192,2,72.4833333333334,1,0
"191",2016-07-11,2016,7,11,19.7,9.8,14.8,NA,0,"33",100,1,193,2,80.0173913043478,2,0
"192",2016-07-11,2016,7,11,19.7,9.8,14.8,NA,0,"33",100,1,193,2,80.0173913043478,2,0
"193",2016-07-12,2016,7,12,18.8,7.7,13.3,NA,0,"30",100,1,194,2,102.95652173913,3,0
"194",2016-07-12,2016,7,12,18.8,7.7,13.3,NA,0,"30",100,1,194,2,102.95652173913,3,0
"195",2016-07-13,2016,7,13,16.5,8,12.3,NA,0,"37",100,0.997222222222222,195,2,121.478260869565,4,0
"196",2016-07-13,2016,7,13,16.5,8,12.3,NA,0,"37",100,0.997222222222222,195,2,121.478260869565,4,0
"197",2016-07-14,2016,7,14,19.9,9.7,14.8,NA,0.2,"32",100,1,196,3,205.622619047619,5,0
"198",2016-07-14,2016,7,14,19.9,9.7,14.8,NA,0.2,"32",100,1,196,3,205.622619047619,5,0
"199",2016-07-11,2016,7,11,19.7,9.8,14.8,NA,0,"33",130,1,193,1,36.2416666666667,1,0
"200",2016-07-11,2016,7,11,19.7,9.8,14.8,NA,0,"33",130,1,193,1,36.2416666666667,1,0
"201",2016-07-12,2016,7,12,18.8,7.7,13.3,NA,0,"30",130,0.988127853881279,194,1,40.0086956521739,2,0
"202",2016-07-12,2016,7,12,18.8,7.7,13.3,NA,0,"30",130,0.988127853881279,194,1,40.0086956521739,2,0
"203",2016-07-13,2016,7,13,16.5,8,12.3,NA,0,"37",130,1,195,1,51.4782608695652,3,0
"204",2016-07-13,2016,7,13,16.5,8,12.3,NA,0,"37",130,1,195,1,51.4782608695652,3,0
"205",2016-07-14,2016,7,14,19.9,9.7,14.8,NA,0.2,"32",130,1,196,1,60.7391304347826,4,0
"206",2016-07-14,2016,7,14,19.9,9.7,14.8,NA,0.2,"32",130,1,196,1,60.7391304347826,4,0
"207",2016-07-15,2016,7,15,18.6,7.4,13,NA,0.2,"74",130,1,197,1,84.6904761904762,5,0
"208",2016-07-15,2016,7,15,18.6,7.4,13,NA,0.2,"74",130,1,197,1,84.6904761904762,5,0
"209",2016-07-16,2016,7,16,12.7,7,9.9,NA,0,"50",130,0.999305555555556,198,1,110.133333333333,6,0
"210",2016-07-16,2016,7,16,12.7,7,9.9,NA,0,"50",130,0.999305555555556,198,1,110.133333333333,6,0
"211",2016-07-17,2016,7,17,16.1,7.8,12,NA,0.6,"59",130,0.997916666666667,199,3,204.791025641025,7,0
"212",2016-07-17,2016,7,17,16.1,7.8,12,NA,0.6,"59",130,0.997916666666667,199,3,204.791025641025,7,0
"213",2016-07-18,2016,7,18,18.2,9.1,13.7,NA,5.4,"46",130,1,200,5,306.429296066252,8,0
"214",2016-07-18,2016,7,18,18.2,9.1,13.7,NA,5.4,"46",130,1,200,5,306.429296066252,8,0
"215",2016-07-19,2016,7,19,17.4,9.1,13.3,NA,0.6,"<31",130,1,201,5,374.817663043478,9,0
"216",2016-07-19,2016,7,19,17.4,9.1,13.3,NA,0.6,"<31",130,1,201,5,374.817663043478,9,0
"217",2016-07-20,2016,7,20,17.3,7.9,12.6,NA,0,"<31",130,0.997916666666667,202,5,445.239660657476,10,0
"218",2016-07-20,2016,7,20,17.3,7.9,12.6,NA,0,"<31",130,0.997916666666667,202,5,445.239660657476,10,0
"219",2016-07-21,2016,7,21,15.2,6,10.6,NA,0,"41",130,1,203,5,565.796713250518,11,0
"220",2016-07-21,2016,7,21,15.2,6,10.6,NA,0,"41",130,1,203,5,565.796713250518,11,0
"221",2016-07-22,2016,7,22,14.7,7.5,11.1,NA,8.6,"56",130,0.998005982053839,204,5,688.738528138527,12,0
"222",2016-07-22,2016,7,22,14.7,7.5,11.1,NA,8.6,"56",130,0.998005982053839,204,5,688.738528138527,12,0
"223",2016-07-17,2016,7,17,16.1,7.8,12,NA,0.6,"59",19,1,199,3,108.725,1,0
"224",2016-07-18,2016,7,18,18.2,9.1,13.7,NA,5.4,"46",19,1,200,4,156.267753623188,2,0
"225",2016-07-23,2016,7,23,13.9,7.7,10.8,NA,2.6,"43",19,0.953428201811126,205,4,507.056410256409,7,0
"226",2016-07-24,2016,7,24,16.3,5.8,11.1,NA,0,"<31",19,0.920138888888889,206,4,594.093406593405,8,0
"227",2016-07-25,2016,7,25,9.1,5.6,7.4,NA,0.4,"<31",19,0.904861111111111,207,4,729.459821428571,9,0
"228",2016-07-26,2016,7,26,17.5,8.2,12.9,NA,0.6,"35",19,0.771869639794168,208,4,854.25838414634,10,0
"229",2016-07-28,2016,7,28,17.6,8.9,13.3,NA,0.2,"<31",19,0.364406779661017,210,3,1093.9241962306,12,0
"230",2016-07-11,2016,7,11,19.7,9.8,14.8,NA,0,"33",30,0.933409873708381,193,2,72.4833333333334,1,0
"231",2016-07-16,2016,7,16,12.7,7,9.9,NA,0,"50",30,0.961904761904762,198,4,356.435403726707,6,0
"232",2016-07-17,2016,7,17,16.1,7.8,12,NA,0.6,"59",30,0.951575710991545,199,4,435.4878483835,7,0
"233",2016-07-18,2016,7,18,18.2,9.1,13.7,NA,5.4,"46",30,0.820992676973149,200,3,500.903965599617,8,0
"234",2016-07-19,2016,7,19,17.4,9.1,13.3,NA,0.6,"<31",30,0.72562893081761,201,3,598.355201863354,9,0
"235",2016-07-20,2016,7,20,17.3,7.9,12.6,NA,0,"<31",30,0.628349178910977,202,3,694.192636532343,10,0
"236",2016-07-21,2016,7,21,15.2,6,10.6,NA,0,"41",30,0.730837789661319,203,3,831.419008483563,11,0
"237",2016-07-22,2016,7,22,14.7,7.5,11.1,NA,8.6,"56",30,1,204,3,933.858448616601,12,0
"238",2016-07-19,2016,7,19,17.4,9.1,13.3,NA,0.6,"<31",41,0.929961089494163,201,3,255.562939958592,6,0
"239",2016-07-19,2016,7,19,17.4,9.1,13.3,NA,0.6,"<31",41,0.929961089494163,201,3,255.562939958592,6,0
"240",2016-07-20,2016,7,20,17.3,7.9,12.6,NA,0,"<31",41,0.997916666666667,202,3,327.131501831501,7,0
"241",2016-07-20,2016,7,20,17.3,7.9,12.6,NA,0,"<31",41,0.997916666666667,202,3,327.131501831501,7,0
"242",2016-07-21,2016,7,21,15.2,6,10.6,NA,0,"41",41,0.936111111111111,203,3,396.369597069596,8,0
"243",2016-07-21,2016,7,21,15.2,6,10.6,NA,0,"41",41,0.936111111111111,203,3,396.369597069596,8,0
"244",2016-07-22,2016,7,22,14.7,7.5,11.1,NA,8.6,"56",41,0.978472222222222,204,3,478.080013736263,9,0
"245",2016-07-22,2016,7,22,14.7,7.5,11.1,NA,8.6,"56",41,0.978472222222222,204,3,478.080013736263,9,0
"246",2016-07-23,2016,7,23,13.9,7.7,10.8,NA,2.6,"43",41,0.978947368421053,205,3,566.577199477351,10,0
"247",2016-07-23,2016,7,23,13.9,7.7,10.8,NA,2.6,"43",41,0.978947368421053,205,3,566.577199477351,10,0
"248",2016-07-24,2016,7,24,16.3,5.8,11.1,NA,0,"<31",41,0.912983425414365,206,3,687.58612804878,11,0
"249",2016-07-24,2016,7,24,16.3,5.8,11.1,NA,0,"<31",41,0.912983425414365,206,3,687.58612804878,11,0
"250",2016-07-25,2016,7,25,9.1,5.6,7.4,NA,0.4,"<31",41,0.974673829623945,207,3,794.833287139689,12,0
"251",2016-07-25,2016,7,25,9.1,5.6,7.4,NA,0.4,"<31",41,0.974673829623945,207,3,794.833287139689,12,0
"252",2016-07-19,2016,7,19,17.4,9.1,13.3,NA,0.6,"<31",42,0.96943231441048,201,4,221.679968944099,5,0
"253",2016-07-19,2016,7,19,17.4,9.1,13.3,NA,0.6,"<31",42,0.96943231441048,201,4,221.679968944099,5,0
"254",2016-07-20,2016,7,20,17.3,7.9,12.6,NA,0,"<31",42,0.999126637554585,202,4,286.310766045548,6,0
"255",2016-07-20,2016,7,20,17.3,7.9,12.6,NA,0,"<31",42,0.999126637554585,202,4,286.310766045548,6,0
"256",2016-07-21,2016,7,21,15.2,6,10.6,NA,0,"41",42,0.96283185840708,203,4,354.658416945373,7,0
"257",2016-07-21,2016,7,21,15.2,6,10.6,NA,0,"41",42,0.96283185840708,203,4,354.658416945373,7,0
"258",2016-07-22,2016,7,22,14.7,7.5,11.1,NA,8.6,"56",42,0.950738916256158,204,4,431.665870361522,8,0
"259",2016-07-22,2016,7,22,14.7,7.5,11.1,NA,8.6,"56",42,0.950738916256158,204,4,431.665870361522,8,0
"260",2016-07-23,2016,7,23,13.9,7.7,10.8,NA,2.6,"43",42,0.853658536585366,205,4,540.59613095238,9,0
"261",2016-07-23,2016,7,23,13.9,7.7,10.8,NA,2.6,"43",42,0.853658536585366,205,4,540.59613095238,9,0
"262",2016-07-24,2016,7,24,16.3,5.8,11.1,NA,0,"<31",42,0.688753269398431,206,4,655.089653689805,10,0
"263",2016-07-24,2016,7,24,16.3,5.8,11.1,NA,0,"<31",42,0.688753269398431,206,4,655.089653689805,10,0
"264",2016-07-25,2016,7,25,9.1,5.6,7.4,NA,0.4,"<31",42,0.931744312026002,207,4,781.978641785043,11,0
"265",2016-07-25,2016,7,25,9.1,5.6,7.4,NA,0.4,"<31",42,0.931744312026002,207,4,781.978641785043,11,0
"266",2016-07-26,2016,7,26,17.5,8.2,12.9,NA,0.6,"35",42,0.840145322434151,208,3,898.179851398601,12,0
"267",2016-07-26,2016,7,26,17.5,8.2,12.9,NA,0.6,"35",42,0.840145322434151,208,3,898.179851398601,12,0
"268",2016-07-20,2016,7,20,17.3,7.9,12.6,NA,0,"<31",58,0.997432605905006,202,4,152.500724637681,2,0
"269",2016-07-21,2016,7,21,15.2,6,10.6,NA,0,"41",58,0.995833333333333,203,4,182.973913043478,3,0
"270",2016-07-22,2016,7,22,14.7,7.5,11.1,NA,8.6,"56",58,0.999195494770716,204,4,224.434782608696,4,0
"271",2016-07-23,2016,7,23,13.9,7.7,10.8,NA,2.6,"43",58,0.997532894736842,205,4,290.859213250518,5,0
"272",2016-07-24,2016,7,24,16.3,5.8,11.1,NA,0,"<31",58,0.979166666666667,206,3,365.696273291925,6,0
"273",2016-07-25,2016,7,25,9.1,5.6,7.4,NA,0.4,"<31",58,0.972916666666667,207,3,435.4878483835,7,0
"274",2016-07-26,2016,7,26,17.5,8.2,12.9,NA,0.6,"35",58,0.816666666666667,208,3,500.903965599617,8,0
"275",2016-07-27,2016,7,27,13,6.9,10,NA,0.4,"<31",58,0.825,209,3,598.355201863354,9,0
"276",2016-07-28,2016,7,28,17.6,8.9,13.3,NA,0.2,"<31",58,0.836270190895742,210,3,694.192636532343,10,0
"277",2016-07-29,2016,7,29,18.1,9.8,14,NA,0,"33",58,0.696527777777778,211,3,831.419008483563,11,0
"278",2016-07-30,2016,7,30,17.6,8,12.8,NA,0,"32",58,0.366666666666667,212,3,933.858448616601,12,0
"279",2016-07-22,2016,7,22,14.7,7.5,11.1,NA,8.6,"56",59,0.984375,204,3,440.164835164834,8,0
"280",2016-07-23,2016,7,23,13.9,7.7,10.8,NA,2.6,"43",59,0.977466977466977,205,3,537.616071428571,9,0
"281",2016-07-24,2016,7,24,16.3,5.8,11.1,NA,0,"<31",59,0.917361111111111,206,3,633.45350609756,10,0
"282",2016-07-25,2016,7,25,9.1,5.6,7.4,NA,0.4,"<31",59,0.967266775777414,207,3,770.67987804878,11,0
"283",2016-07-26,2016,7,26,17.5,8.2,12.9,NA,0.6,"35",59,0.799634034766697,208,3,873.119318181818,12,0
"284",2016-07-08,2016,7,8,24.1,9.5,16.8,NA,0,"<31",75,1,190,1,36.2416666666667,1,0
"285",2016-07-09,2016,7,9,24.3,12.5,18.4,NA,0,"<31",75,1,191,2,76.2503623188406,2,0
"286",2016-07-12,2016,7,12,18.8,7.7,13.3,NA,0,"30",75,0.986820428336079,194,3,181.671273291926,5,0
"287",2016-07-13,2016,7,13,16.5,8,12.3,NA,0,"37",75,1,195,3,234.832505175983,6,0
"288",2016-07-14,2016,7,14,19.9,9.7,14.8,NA,0.2,"32",75,0.997222222222222,196,3,293.91928651059,7,0
"289",2016-07-15,2016,7,15,18.6,7.4,13,NA,0.2,"74",75,0.998611111111111,197,3,346.975394171046,8,0
"290",2016-07-16,2016,7,16,12.7,7,9.9,NA,0,"50",75,0.996527777777778,198,3,430.462797619047,9,0
"291",2016-07-17,2016,7,17,16.1,7.8,12,NA,0.6,"59",75,0.948687350835322,199,3,522.781961382113,10,0
"292",2016-07-18,2016,7,18,18.2,9.1,13.7,NA,5.4,"46",75,0.827777777777778,200,3,628.050070356472,11,0
"293",2016-07-19,2016,7,19,17.4,9.1,13.3,NA,0.6,"<31",75,0.741007194244604,201,3,727.95698051948,12,0
"294",2016-07-12,2016,7,12,18.8,7.7,13.3,NA,0,"30",77,0.988679245283019,194,3,108.725,1,0
"295",2016-07-12,2016,7,12,18.8,7.7,13.3,NA,0,"30",77,0.988679245283019,194,3,108.725,1,0
"296",2016-07-13,2016,7,13,16.5,8,12.3,NA,0,"37",77,0.987291501191422,195,3,120.026086956522,2,0
"297",2016-07-13,2016,7,13,16.5,8,12.3,NA,0,"37",77,0.987291501191422,195,3,120.026086956522,2,0
"298",2016-07-14,2016,7,14,19.9,9.7,14.8,NA,0.2,"32",77,0.994444444444444,196,4,190.676449275362,3,0
"299",2016-07-14,2016,7,14,19.9,9.7,14.8,NA,0.2,"32",77,0.994444444444444,196,4,190.676449275362,3,0
"300",2016-07-15,2016,7,15,18.6,7.4,13,NA,0.2,"74",77,0.997916666666667,197,4,222.226086956522,4,0
"301",2016-07-15,2016,7,15,18.6,7.4,13,NA,0.2,"74",77,0.997916666666667,197,4,222.226086956522,4,0
"302",2016-07-16,2016,7,16,12.7,7,9.9,NA,0,"50",77,0.976388888888889,198,4,305.549689440994,5,0
"303",2016-07-16,2016,7,16,12.7,7,9.9,NA,0,"50",77,0.976388888888889,198,4,305.549689440994,5,0
"304",2016-07-17,2016,7,17,16.1,7.8,12,NA,0.6,"59",77,0.961805555555556,199,4,391.139130434782,6,0
"305",2016-07-17,2016,7,17,16.1,7.8,12,NA,0.6,"59",77,0.961805555555556,199,4,391.139130434782,6,0
"306",2016-07-18,2016,7,18,18.2,9.1,13.7,NA,5.4,"46",77,0.902777777777778,200,4,481.613553113552,7,0
"307",2016-07-18,2016,7,18,18.2,9.1,13.7,NA,5.4,"46",77,0.902777777777778,200,4,481.613553113552,7,0
"308",2016-07-19,2016,7,19,17.4,9.1,13.3,NA,0.6,"<31",77,0.84280442804428,201,4,571.919047619046,8,0
"309",2016-07-19,2016,7,19,17.4,9.1,13.3,NA,0.6,"<31",77,0.84280442804428,201,4,571.919047619046,8,0
"310",2016-07-20,2016,7,20,17.3,7.9,12.6,NA,0,"<31",77,0.777777777777778,202,4,707.838942307692,9,0
"311",2016-07-20,2016,7,20,17.3,7.9,12.6,NA,0,"<31",77,0.777777777777778,202,4,707.838942307692,9,0
"312",2016-07-21,2016,7,21,15.2,6,10.6,NA,0,"41",77,0.626388888888889,203,4,816.343205574911,10,0
"313",2016-07-21,2016,7,21,15.2,6,10.6,NA,0,"41",77,0.626388888888889,203,4,816.343205574911,10,0
"314",2016-07-22,2016,7,22,14.7,7.5,11.1,NA,8.6,"56",77,0.873475609756098,204,4,1016.65625,11,0
"315",2016-07-22,2016,7,22,14.7,7.5,11.1,NA,8.6,"56",77,0.873475609756098,204,4,1016.65625,11,0
"316",2016-07-23,2016,7,23,13.9,7.7,10.8,NA,2.6,"43",77,0.752777777777778,205,4,1118.07760532151,12,0
"317",2016-07-23,2016,7,23,13.9,7.7,10.8,NA,2.6,"43",77,0.752777777777778,205,4,1118.07760532151,12,0
"318",2016-07-16,2016,7,16,12.7,7,9.9,NA,0,"50",78,0.874113475177305,198,4,415.090476190475,6,0
"319",2016-07-16,2016,7,16,12.7,7,9.9,NA,0,"50",78,0.874113475177305,198,4,415.090476190475,6,0
"320",2016-07-17,2016,7,17,16.1,7.8,12,NA,0.6,"59",78,0.902681992337165,199,4,507.056410256409,7,0
"321",2016-07-17,2016,7,17,16.1,7.8,12,NA,0.6,"59",78,0.902681992337165,199,4,507.056410256409,7,0
"322",2016-07-18,2016,7,18,18.2,9.1,13.7,NA,5.4,"46",78,0.857704402515723,200,4,594.093406593405,8,0
"323",2016-07-18,2016,7,18,18.2,9.1,13.7,NA,5.4,"46",78,0.857704402515723,200,4,594.093406593405,8,0
"324",2016-07-21,2016,7,21,15.2,6,10.6,NA,0,"41",78,0.567073170731707,203,4,1045.61737804878,11,0
"325",2016-07-21,2016,7,21,15.2,6,10.6,NA,0,"41",78,0.567073170731707,203,4,1045.61737804878,11,0
"326",2016-07-22,2016,7,22,14.7,7.5,11.1,NA,8.6,"56",78,0.478017585931255,204,4,1172.21022727273,12,0
"327",2016-07-22,2016,7,22,14.7,7.5,11.1,NA,8.6,"56",78,0.478017585931255,204,4,1172.21022727273,12,0
"328",2016-07-07,2016,7,7,18,4.8,11.4,NA,0,"<31",8,1,189,1,36.2416666666667,1,0
"329",2016-07-08,2016,7,8,24.1,9.5,16.8,NA,0,"<31",8,1,190,3,112.492028985507,2,0
"330",2016-07-09,2016,7,9,24.3,12.5,18.4,NA,0,"<31",8,0.996212121212121,191,3,131.495652173913,3,0
"331",2016-07-14,2016,7,14,19.9,9.7,14.8,NA,0.2,"32",8,0.963855421686747,196,3,418.543956043955,8,0
"332",2016-07-15,2016,7,15,18.6,7.4,13,NA,0.2,"74",8,0.817361111111111,197,3,499.700892857142,9,0
"333",2016-07-16,2016,7,16,12.7,7,9.9,NA,0,"50",8,1,198,3,604.49237804878,10,0
"334",2016-07-18,2016,7,18,18.2,9.1,13.7,NA,5.4,"46",8,0.615730337078652,200,3,848.965909090909,12,0
"335",2016-07-18,2016,7,18,18.2,9.1,13.7,NA,5.4,"46",97,0.995,200,3,142.965217391304,3,0
"336",2016-07-18,2016,7,18,18.2,9.1,13.7,NA,5.4,"46",97,0.995,200,3,142.965217391304,3,0
"337",2016-07-19,2016,7,19,17.4,9.1,13.3,NA,0.6,"<31",97,0.963130173062453,201,4,209.198188405797,4,0
"338",2016-07-19,2016,7,19,17.4,9.1,13.3,NA,0.6,"<31",97,0.963130173062453,201,4,209.198188405797,4,0
"339",2016-07-20,2016,7,20,17.3,7.9,12.6,NA,0,"<31",97,0.991666666666667,202,4,270.128778467909,5,0
"340",2016-07-20,2016,7,20,17.3,7.9,12.6,NA,0,"<31",97,0.991666666666667,202,4,270.128778467909,5,0
"341",2016-07-21,2016,7,21,15.2,6,10.6,NA,0,"41",97,0.944444444444444,203,4,356.435403726707,6,0
"342",2016-07-21,2016,7,21,15.2,6,10.6,NA,0,"41",97,0.944444444444444,203,4,356.435403726707,6,0
"343",2016-07-22,2016,7,22,14.7,7.5,11.1,NA,8.6,"56",97,0.864359214218896,204,4,435.4878483835,7,0
"344",2016-07-22,2016,7,22,14.7,7.5,11.1,NA,8.6,"56",97,0.864359214218896,204,4,435.4878483835,7,0
"345",2016-07-23,2016,7,23,13.9,7.7,10.8,NA,2.6,"43",97,0.894444444444444,205,4,524.85531135531,8,0
"346",2016-07-23,2016,7,23,13.9,7.7,10.8,NA,2.6,"43",97,0.894444444444444,205,4,524.85531135531,8,0
"347",2016-07-24,2016,7,24,16.3,5.8,11.1,NA,0,"<31",97,0.827083333333333,206,4,647.749404761904,9,0
"348",2016-07-24,2016,7,24,16.3,5.8,11.1,NA,0,"<31",97,0.827083333333333,206,4,647.749404761904,9,0
"349",2016-07-25,2016,7,25,9.1,5.6,7.4,NA,0.4,"<31",97,0.886111111111111,207,4,765.761198405252,10,0
"350",2016-07-25,2016,7,25,9.1,5.6,7.4,NA,0.4,"<31",97,0.886111111111111,207,4,765.761198405252,10,0
"351",2016-07-26,2016,7,26,17.5,8.2,12.9,NA,0.6,"35",97,0.302777777777778,208,4,924.608449477351,11,0
"352",2016-07-26,2016,7,26,17.5,8.2,12.9,NA,0.6,"35",97,0.302777777777778,208,4,924.608449477351,11,0
"353",2016-07-27,2016,7,27,13,6.9,10,NA,0.4,"<31",97,0.295138888888889,209,4,1064.96306818182,12,0
"354",2016-07-27,2016,7,27,13,6.9,10,NA,0.4,"<31",97,0.295138888888889,209,4,1064.96306818182,12,0
"355",2016-07-10,2016,7,10,20.7,12.4,16.6,NA,0,"33",100,0.988408037094281,192,2,72.4833333333334,1,0
"356",2016-07-10,2016,7,10,20.7,12.4,16.6,NA,0,"33",100,0.988408037094281,192,2,72.4833333333334,1,0
"357",2016-07-11,2016,7,11,19.7,9.8,14.8,NA,0,"33",100,1,193,2,80.0173913043478,2,0
"358",2016-07-11,2016,7,11,19.7,9.8,14.8,NA,0,"33",100,1,193,2,80.0173913043478,2,0
"359",2016-07-12,2016,7,12,18.8,7.7,13.3,NA,0,"30",100,1,194,2,102.95652173913,3,0
"360",2016-07-12,2016,7,12,18.8,7.7,13.3,NA,0,"30",100,1,194,2,102.95652173913,3,0
"361",2016-07-13,2016,7,13,16.5,8,12.3,NA,0,"37",100,0.997222222222222,195,2,121.478260869565,4,0
"362",2016-07-13,2016,7,13,16.5,8,12.3,NA,0,"37",100,0.997222222222222,195,2,121.478260869565,4,0
"363",2016-07-14,2016,7,14,19.9,9.7,14.8,NA,0.2,"32",100,1,196,3,205.622619047619,5,0
"364",2016-07-14,2016,7,14,19.9,9.7,14.8,NA,0.2,"32",100,1,196,3,205.622619047619,5,0
"365",2016-07-11,2016,7,11,19.7,9.8,14.8,NA,0,"33",130,1,193,1,36.2416666666667,1,0
"366",2016-07-11,2016,7,11,19.7,9.8,14.8,NA,0,"33",130,1,193,1,36.2416666666667,1,0
"367",2016-07-12,2016,7,12,18.8,7.7,13.3,NA,0,"30",130,0.988127853881279,194,1,40.0086956521739,2,0
"368",2016-07-12,2016,7,12,18.8,7.7,13.3,NA,0,"30",130,0.988127853881279,194,1,40.0086956521739,2,0
"369",2016-07-13,2016,7,13,16.5,8,12.3,NA,0,"37",130,1,195,1,51.4782608695652,3,0
"370",2016-07-13,2016,7,13,16.5,8,12.3,NA,0,"37",130,1,195,1,51.4782608695652,3,0
"371",2016-07-14,2016,7,14,19.9,9.7,14.8,NA,0.2,"32",130,1,196,1,60.7391304347826,4,0
"372",2016-07-14,2016,7,14,19.9,9.7,14.8,NA,0.2,"32",130,1,196,1,60.7391304347826,4,0
"373",2016-07-15,2016,7,15,18.6,7.4,13,NA,0.2,"74",130,1,197,1,84.6904761904762,5,0
"374",2016-07-15,2016,7,15,18.6,7.4,13,NA,0.2,"74",130,1,197,1,84.6904761904762,5,0
"375",2016-07-16,2016,7,16,12.7,7,9.9,NA,0,"50",130,0.999305555555556,198,1,110.133333333333,6,0
"376",2016-07-16,2016,7,16,12.7,7,9.9,NA,0,"50",130,0.999305555555556,198,1,110.133333333333,6,0
"377",2016-07-17,2016,7,17,16.1,7.8,12,NA,0.6,"59",130,0.997916666666667,199,3,204.791025641025,7,0
"378",2016-07-17,2016,7,17,16.1,7.8,12,NA,0.6,"59",130,0.997916666666667,199,3,204.791025641025,7,0
"379",2016-07-18,2016,7,18,18.2,9.1,13.7,NA,5.4,"46",130,1,200,5,306.429296066252,8,0
"380",2016-07-18,2016,7,18,18.2,9.1,13.7,NA,5.4,"46",130,1,200,5,306.429296066252,8,0
"381",2016-07-19,2016,7,19,17.4,9.1,13.3,NA,0.6,"<31",130,1,201,5,374.817663043478,9,0
"382",2016-07-19,2016,7,19,17.4,9.1,13.3,NA,0.6,"<31",130,1,201,5,374.817663043478,9,0
"383",2016-07-20,2016,7,20,17.3,7.9,12.6,NA,0,"<31",130,0.997916666666667,202,5,445.239660657476,10,0
"384",2016-07-20,2016,7,20,17.3,7.9,12.6,NA,0,"<31",130,0.997916666666667,202,5,445.239660657476,10,0
"385",2016-07-21,2016,7,21,15.2,6,10.6,NA,0,"41",130,1,203,5,565.796713250518,11,0
"386",2016-07-21,2016,7,21,15.2,6,10.6,NA,0,"41",130,1,203,5,565.796713250518,11,0
"387",2016-07-22,2016,7,22,14.7,7.5,11.1,NA,8.6,"56",130,0.998005982053839,204,5,688.738528138527,12,0
"388",2016-07-22,2016,7,22,14.7,7.5,11.1,NA,8.6,"56",130,0.998005982053839,204,5,688.738528138527,12,0
"389",2016-07-17,2016,7,17,16.1,7.8,12,NA,0.6,"59",19,1,199,3,108.725,1,0
"390",2016-07-18,2016,7,18,18.2,9.1,13.7,NA,5.4,"46",19,1,200,4,156.267753623188,2,0
"391",2016-07-23,2016,7,23,13.9,7.7,10.8,NA,2.6,"43",19,0.953428201811126,205,4,507.056410256409,7,0
"392",2016-07-24,2016,7,24,16.3,5.8,11.1,NA,0,"<31",19,0.920138888888889,206,4,594.093406593405,8,0
"393",2016-07-25,2016,7,25,9.1,5.6,7.4,NA,0.4,"<31",19,0.904861111111111,207,4,729.459821428571,9,0
"394",2016-07-26,2016,7,26,17.5,8.2,12.9,NA,0.6,"35",19,0.771869639794168,208,4,854.25838414634,10,0
"395",2016-07-28,2016,7,28,17.6,8.9,13.3,NA,0.2,"<31",19,0.364406779661017,210,3,1093.9241962306,12,0
"396",2016-07-11,2016,7,11,19.7,9.8,14.8,NA,0,"33",30,0.933409873708381,193,2,72.4833333333334,1,0
"397",2016-07-16,2016,7,16,12.7,7,9.9,NA,0,"50",30,0.961904761904762,198,4,356.435403726707,6,0
"398",2016-07-17,2016,7,17,16.1,7.8,12,NA,0.6,"59",30,0.951575710991545,199,4,435.4878483835,7,0
"399",2016-07-18,2016,7,18,18.2,9.1,13.7,NA,5.4,"46",30,0.820992676973149,200,3,500.903965599617,8,0
"400",2016-07-19,2016,7,19,17.4,9.1,13.3,NA,0.6,"<31",30,0.72562893081761,201,3,598.355201863354,9,0
"401",2016-07-20,2016,7,20,17.3,7.9,12.6,NA,0,"<31",30,0.628349178910977,202,3,694.192636532343,10,0
"402",2016-07-21,2016,7,21,15.2,6,10.6,NA,0,"41",30,0.730837789661319,203,3,831.419008483563,11,0
"403",2016-07-22,2016,7,22,14.7,7.5,11.1,NA,8.6,"56",30,1,204,3,933.858448616601,12,0
"404",2016-07-19,2016,7,19,17.4,9.1,13.3,NA,0.6,"<31",41,0.929961089494163,201,3,255.562939958592,6,0
"405",2016-07-19,2016,7,19,17.4,9.1,13.3,NA,0.6,"<31",41,0.929961089494163,201,3,255.562939958592,6,0
"406",2016-07-20,2016,7,20,17.3,7.9,12.6,NA,0,"<31",41,0.997916666666667,202,3,327.131501831501,7,0
"407",2016-07-20,2016,7,20,17.3,7.9,12.6,NA,0,"<31",41,0.997916666666667,202,3,327.131501831501,7,0
"408",2016-07-21,2016,7,21,15.2,6,10.6,NA,0,"41",41,0.936111111111111,203,3,396.369597069596,8,0
"409",2016-07-21,2016,7,21,15.2,6,10.6,NA,0,"41",41,0.936111111111111,203,3,396.369597069596,8,0
"410",2016-07-22,2016,7,22,14.7,7.5,11.1,NA,8.6,"56",41,0.978472222222222,204,3,478.080013736263,9,0
"411",2016-07-22,2016,7,22,14.7,7.5,11.1,NA,8.6,"56",41,0.978472222222222,204,3,478.080013736263,9,0
"412",2016-07-23,2016,7,23,13.9,7.7,10.8,NA,2.6,"43",41,0.978947368421053,205,3,566.577199477351,10,0
"413",2016-07-23,2016,7,23,13.9,7.7,10.8,NA,2.6,"43",41,0.978947368421053,205,3,566.577199477351,10,0
"414",2016-07-24,2016,7,24,16.3,5.8,11.1,NA,0,"<31",41,0.912983425414365,206,3,687.58612804878,11,0
"415",2016-07-24,2016,7,24,16.3,5.8,11.1,NA,0,"<31",41,0.912983425414365,206,3,687.58612804878,11,0
"416",2016-07-25,2016,7,25,9.1,5.6,7.4,NA,0.4,"<31",41,0.974673829623945,207,3,794.833287139689,12,0
"417",2016-07-25,2016,7,25,9.1,5.6,7.4,NA,0.4,"<31",41,0.974673829623945,207,3,794.833287139689,12,0
"418",2016-07-19,2016,7,19,17.4,9.1,13.3,NA,0.6,"<31",42,0.96943231441048,201,4,221.679968944099,5,0
"419",2016-07-19,2016,7,19,17.4,9.1,13.3,NA,0.6,"<31",42,0.96943231441048,201,4,221.679968944099,5,0
"420",2016-07-20,2016,7,20,17.3,7.9,12.6,NA,0,"<31",42,0.999126637554585,202,4,286.310766045548,6,0
"421",2016-07-20,2016,7,20,17.3,7.9,12.6,NA,0,"<31",42,0.999126637554585,202,4,286.310766045548,6,0
"422",2016-07-21,2016,7,21,15.2,6,10.6,NA,0,"41",42,0.96283185840708,203,4,354.658416945373,7,0
"423",2016-07-21,2016,7,21,15.2,6,10.6,NA,0,"41",42,0.96283185840708,203,4,354.658416945373,7,0
"424",2016-07-22,2016,7,22,14.7,7.5,11.1,NA,8.6,"56",42,0.950738916256158,204,4,431.665870361522,8,0
"425",2016-07-22,2016,7,22,14.7,7.5,11.1,NA,8.6,"56",42,0.950738916256158,204,4,431.665870361522,8,0
"426",2016-07-23,2016,7,23,13.9,7.7,10.8,NA,2.6,"43",42,0.853658536585366,205,4,540.59613095238,9,0
"427",2016-07-23,2016,7,23,13.9,7.7,10.8,NA,2.6,"43",42,0.853658536585366,205,4,540.59613095238,9,0
"428",2016-07-24,2016,7,24,16.3,5.8,11.1,NA,0,"<31",42,0.688753269398431,206,4,655.089653689805,10,0
"429",2016-07-24,2016,7,24,16.3,5.8,11.1,NA,0,"<31",42,0.688753269398431,206,4,655.089653689805,10,0
"430",2016-07-25,2016,7,25,9.1,5.6,7.4,NA,0.4,"<31",42,0.931744312026002,207,4,781.978641785043,11,0
"431",2016-07-25,2016,7,25,9.1,5.6,7.4,NA,0.4,"<31",42,0.931744312026002,207,4,781.978641785043,11,0
"432",2016-07-26,2016,7,26,17.5,8.2,12.9,NA,0.6,"35",42,0.840145322434151,208,3,898.179851398601,12,0
"433",2016-07-26,2016,7,26,17.5,8.2,12.9,NA,0.6,"35",42,0.840145322434151,208,3,898.179851398601,12,0
"434",2016-07-20,2016,7,20,17.3,7.9,12.6,NA,0,"<31",58,0.997432605905006,202,4,152.500724637681,2,0
"435",2016-07-21,2016,7,21,15.2,6,10.6,NA,0,"41",58,0.995833333333333,203,4,182.973913043478,3,0
"436",2016-07-22,2016,7,22,14.7,7.5,11.1,NA,8.6,"56",58,0.999195494770716,204,4,224.434782608696,4,0
"437",2016-07-23,2016,7,23,13.9,7.7,10.8,NA,2.6,"43",58,0.997532894736842,205,4,290.859213250518,5,0
"438",2016-07-24,2016,7,24,16.3,5.8,11.1,NA,0,"<31",58,0.979166666666667,206,3,365.696273291925,6,0
"439",2016-07-25,2016,7,25,9.1,5.6,7.4,NA,0.4,"<31",58,0.972916666666667,207,3,435.4878483835,7,0
"440",2016-07-26,2016,7,26,17.5,8.2,12.9,NA,0.6,"35",58,0.816666666666667,208,3,500.903965599617,8,0
"441",2016-07-27,2016,7,27,13,6.9,10,NA,0.4,"<31",58,0.825,209,3,598.355201863354,9,0
"442",2016-07-28,2016,7,28,17.6,8.9,13.3,NA,0.2,"<31",58,0.836270190895742,210,3,694.192636532343,10,0
"443",2016-07-29,2016,7,29,18.1,9.8,14,NA,0,"33",58,0.696527777777778,211,3,831.419008483563,11,0
"444",2016-07-30,2016,7,30,17.6,8,12.8,NA,0,"32",58,0.366666666666667,212,3,933.858448616601,12,0
"445",2016-07-22,2016,7,22,14.7,7.5,11.1,NA,8.6,"56",59,0.984375,204,3,440.164835164834,8,0
"446",2016-07-23,2016,7,23,13.9,7.7,10.8,NA,2.6,"43",59,0.977466977466977,205,3,537.616071428571,9,0
"447",2016-07-24,2016,7,24,16.3,5.8,11.1,NA,0,"<31",59,0.917361111111111,206,3,633.45350609756,10,0
"448",2016-07-25,2016,7,25,9.1,5.6,7.4,NA,0.4,"<31",59,0.967266775777414,207,3,770.67987804878,11,0
"449",2016-07-26,2016,7,26,17.5,8.2,12.9,NA,0.6,"35",59,0.799634034766697,208,3,873.119318181818,12,0
"450",2016-07-08,2016,7,8,24.1,9.5,16.8,NA,0,"<31",75,1,190,1,36.2416666666667,1,0
"451",2016-07-09,2016,7,9,24.3,12.5,18.4,NA,0,"<31",75,1,191,2,76.2503623188406,2,0
"452",2016-07-12,2016,7,12,18.8,7.7,13.3,NA,0,"30",75,0.986820428336079,194,3,181.671273291926,5,0
"453",2016-07-13,2016,7,13,16.5,8,12.3,NA,0,"37",75,1,195,3,234.832505175983,6,0
"454",2016-07-14,2016,7,14,19.9,9.7,14.8,NA,0.2,"32",75,0.997222222222222,196,3,293.91928651059,7,0
"455",2016-07-15,2016,7,15,18.6,7.4,13,NA,0.2,"74",75,0.998611111111111,197,3,346.975394171046,8,0
"456",2016-07-16,2016,7,16,12.7,7,9.9,NA,0,"50",75,0.996527777777778,198,3,430.462797619047,9,0
"457",2016-07-17,2016,7,17,16.1,7.8,12,NA,0.6,"59",75,0.948687350835322,199,3,522.781961382113,10,0
"458",2016-07-18,2016,7,18,18.2,9.1,13.7,NA,5.4,"46",75,0.827777777777778,200,3,628.050070356472,11,0
"459",2016-07-19,2016,7,19,17.4,9.1,13.3,NA,0.6,"<31",75,0.741007194244604,201,3,727.95698051948,12,0
"460",2016-07-12,2016,7,12,18.8,7.7,13.3,NA,0,"30",77,0.988679245283019,194,3,108.725,1,0
"461",2016-07-12,2016,7,12,18.8,7.7,13.3,NA,0,"30",77,0.988679245283019,194,3,108.725,1,0
"462",2016-07-13,2016,7,13,16.5,8,12.3,NA,0,"37",77,0.987291501191422,195,3,120.026086956522,2,0
"463",2016-07-13,2016,7,13,16.5,8,12.3,NA,0,"37",77,0.987291501191422,195,3,120.026086956522,2,0
"464",2016-07-14,2016,7,14,19.9,9.7,14.8,NA,0.2,"32",77,0.994444444444444,196,4,190.676449275362,3,0
"465",2016-07-14,2016,7,14,19.9,9.7,14.8,NA,0.2,"32",77,0.994444444444444,196,4,190.676449275362,3,0
"466",2016-07-15,2016,7,15,18.6,7.4,13,NA,0.2,"74",77,0.997916666666667,197,4,222.226086956522,4,0
"467",2016-07-15,2016,7,15,18.6,7.4,13,NA,0.2,"74",77,0.997916666666667,197,4,222.226086956522,4,0
"468",2016-07-16,2016,7,16,12.7,7,9.9,NA,0,"50",77,0.976388888888889,198,4,305.549689440994,5,0
"469",2016-07-16,2016,7,16,12.7,7,9.9,NA,0,"50",77,0.976388888888889,198,4,305.549689440994,5,0
"470",2016-07-17,2016,7,17,16.1,7.8,12,NA,0.6,"59",77,0.961805555555556,199,4,391.139130434782,6,0
"471",2016-07-17,2016,7,17,16.1,7.8,12,NA,0.6,"59",77,0.961805555555556,199,4,391.139130434782,6,0
"472",2016-07-18,2016,7,18,18.2,9.1,13.7,NA,5.4,"46",77,0.902777777777778,200,4,481.613553113552,7,0
"473",2016-07-18,2016,7,18,18.2,9.1,13.7,NA,5.4,"46",77,0.902777777777778,200,4,481.613553113552,7,0
"474",2016-07-19,2016,7,19,17.4,9.1,13.3,NA,0.6,"<31",77,0.84280442804428,201,4,571.919047619046,8,0
"475",2016-07-19,2016,7,19,17.4,9.1,13.3,NA,0.6,"<31",77,0.84280442804428,201,4,571.919047619046,8,0
"476",2016-07-20,2016,7,20,17.3,7.9,12.6,NA,0,"<31",77,0.777777777777778,202,4,707.838942307692,9,0
"477",2016-07-20,2016,7,20,17.3,7.9,12.6,NA,0,"<31",77,0.777777777777778,202,4,707.838942307692,9,0
"478",2016-07-21,2016,7,21,15.2,6,10.6,NA,0,"41",77,0.626388888888889,203,4,816.343205574911,10,0
"479",2016-07-21,2016,7,21,15.2,6,10.6,NA,0,"41",77,0.626388888888889,203,4,816.343205574911,10,0
"480",2016-07-22,2016,7,22,14.7,7.5,11.1,NA,8.6,"56",77,0.873475609756098,204,4,1016.65625,11,0
"481",2016-07-22,2016,7,22,14.7,7.5,11.1,NA,8.6,"56",77,0.873475609756098,204,4,1016.65625,11,0
"482",2016-07-23,2016,7,23,13.9,7.7,10.8,NA,2.6,"43",77,0.752777777777778,205,4,1118.07760532151,12,0
"483",2016-07-23,2016,7,23,13.9,7.7,10.8,NA,2.6,"43",77,0.752777777777778,205,4,1118.07760532151,12,0
"484",2016-07-16,2016,7,16,12.7,7,9.9,NA,0,"50",78,0.874113475177305,198,4,415.090476190475,6,0
"485",2016-07-16,2016,7,16,12.7,7,9.9,NA,0,"50",78,0.874113475177305,198,4,415.090476190475,6,0
"486",2016-07-17,2016,7,17,16.1,7.8,12,NA,0.6,"59",78,0.902681992337165,199,4,507.056410256409,7,0
"487",2016-07-17,2016,7,17,16.1,7.8,12,NA,0.6,"59",78,0.902681992337165,199,4,507.056410256409,7,0
"488",2016-07-18,2016,7,18,18.2,9.1,13.7,NA,5.4,"46",78,0.857704402515723,200,4,594.093406593405,8,0
"489",2016-07-18,2016,7,18,18.2,9.1,13.7,NA,5.4,"46",78,0.857704402515723,200,4,594.093406593405,8,0
"490",2016-07-21,2016,7,21,15.2,6,10.6,NA,0,"41",78,0.567073170731707,203,4,1045.61737804878,11,0
"491",2016-07-21,2016,7,21,15.2,6,10.6,NA,0,"41",78,0.567073170731707,203,4,1045.61737804878,11,0
"492",2016-07-22,2016,7,22,14.7,7.5,11.1,NA,8.6,"56",78,0.478017585931255,204,4,1172.21022727273,12,0
"493",2016-07-22,2016,7,22,14.7,7.5,11.1,NA,8.6,"56",78,0.478017585931255,204,4,1172.21022727273,12,0
"494",2016-07-07,2016,7,7,18,4.8,11.4,NA,0,"<31",8,1,189,1,36.2416666666667,1,0
"495",2016-07-08,2016,7,8,24.1,9.5,16.8,NA,0,"<31",8,1,190,3,112.492028985507,2,0
"496",2016-07-09,2016,7,9,24.3,12.5,18.4,NA,0,"<31",8,0.996212121212121,191,3,131.495652173913,3,0
"497",2016-07-14,2016,7,14,19.9,9.7,14.8,NA,0.2,"32",8,0.963855421686747,196,3,418.543956043955,8,0
"498",2016-07-15,2016,7,15,18.6,7.4,13,NA,0.2,"74",8,0.817361111111111,197,3,499.700892857142,9,0
"499",2016-07-16,2016,7,16,12.7,7,9.9,NA,0,"50",8,1,198,3,604.49237804878,10,0
"500",2016-07-18,2016,7,18,18.2,9.1,13.7,NA,5.4,"46",8,0.615730337078652,200,3,848.965909090909,12,0
"501",2016-07-18,2016,7,18,18.2,9.1,13.7,NA,5.4,"46",97,0.995,200,3,142.965217391304,3,0
"502",2016-07-18,2016,7,18,18.2,9.1,13.7,NA,5.4,"46",97,0.995,200,3,142.965217391304,3,0
"503",2016-07-19,2016,7,19,17.4,9.1,13.3,NA,0.6,"<31",97,0.963130173062453,201,4,209.198188405797,4,0
"504",2016-07-19,2016,7,19,17.4,9.1,13.3,NA,0.6,"<31",97,0.963130173062453,201,4,209.198188405797,4,0
"505",2016-07-20,2016,7,20,17.3,7.9,12.6,NA,0,"<31",97,0.991666666666667,202,4,270.128778467909,5,0
"506",2016-07-20,2016,7,20,17.3,7.9,12.6,NA,0,"<31",97,0.991666666666667,202,4,270.128778467909,5,0
"507",2016-07-21,2016,7,21,15.2,6,10.6,NA,0,"41",97,0.944444444444444,203,4,356.435403726707,6,0
"508",2016-07-21,2016,7,21,15.2,6,10.6,NA,0,"41",97,0.944444444444444,203,4,356.435403726707,6,0
"509",2016-07-22,2016,7,22,14.7,7.5,11.1,NA,8.6,"56",97,0.864359214218896,204,4,435.4878483835,7,0
"510",2016-07-22,2016,7,22,14.7,7.5,11.1,NA,8.6,"56",97,0.864359214218896,204,4,435.4878483835,7,0
"511",2016-07-23,2016,7,23,13.9,7.7,10.8,NA,2.6,"43",97,0.894444444444444,205,4,524.85531135531,8,0
"512",2016-07-23,2016,7,23,13.9,7.7,10.8,NA,2.6,"43",97,0.894444444444444,205,4,524.85531135531,8,0
"513",2016-07-24,2016,7,24,16.3,5.8,11.1,NA,0,"<31",97,0.827083333333333,206,4,647.749404761904,9,0
"514",2016-07-24,2016,7,24,16.3,5.8,11.1,NA,0,"<31",97,0.827083333333333,206,4,647.749404761904,9,0
"515",2016-07-25,2016,7,25,9.1,5.6,7.4,NA,0.4,"<31",97,0.886111111111111,207,4,765.761198405252,10,0
"516",2016-07-25,2016,7,25,9.1,5.6,7.4,NA,0.4,"<31",97,0.886111111111111,207,4,765.761198405252,10,0
"517",2016-07-26,2016,7,26,17.5,8.2,12.9,NA,0.6,"35",97,0.302777777777778,208,4,924.608449477351,11,0
"518",2016-07-26,2016,7,26,17.5,8.2,12.9,NA,0.6,"35",97,0.302777777777778,208,4,924.608449477351,11,0
"519",2016-07-27,2016,7,27,13,6.9,10,NA,0.4,"<31",97,0.295138888888889,209,4,1064.96306818182,12,0
"520",2016-07-27,2016,7,27,13,6.9,10,NA,0.4,"<31",97,0.295138888888889,209,4,1064.96306818182,12,0
"521",2017-07-11,2017,7,11,21.2,6.8,14,NA,0.6,"39",100,0.999305555555556,192,2,72.4833333333334,1,0
"522",2017-07-12,2017,7,12,13.6,7.8,10.7,NA,0,"<31",100,0.984027777777778,193,3,116.259057971014,2,0
"523",2017-07-13,2017,7,13,13.6,7.7,10.7,NA,0.2,"<31",100,0.9875,194,4,179.206884057971,3,0
"524",2017-07-14,2017,7,14,15.6,6,10.8,NA,0,"74",100,0.985416666666667,195,4,212.965217391304,4,0
"525",2017-07-15,2017,7,15,23,10.3,16.7,NA,0,"65",100,0.975,196,4,281.5983436853,5,0
"526",2017-07-16,2017,7,16,24.5,11.8,18.2,NA,0.2,"48",100,0.915277777777778,197,4,365.696273291925,6,0
"527",2017-07-17,2017,7,17,13,6.5,9.8,NA,0,"57",100,0.95625,198,4,459.439194139193,7,0
"528",2017-07-18,2017,7,18,11.8,5.8,8.8,NA,0.2,"65",100,0.972222222222222,199,4,550.298168498167,8,0
"529",2017-07-19,2017,7,19,10.2,5.5,7.9,NA,1.4,"93",100,0.981944444444444,200,4,669.923763736263,9,0
"530",2017-07-20,2017,7,20,13.1,5.5,9.3,NA,0.2,"69",100,0.860045146726862,201,4,787.382077526131,10,0
"531",2017-07-21,2017,7,21,18.6,6.7,12.7,NA,0,"43",100,0.521527777777778,202,4,962.52362804878,11,0
"532",2017-07-22,2017,7,22,20.4,9.3,14.9,NA,0,"35",100,0.303472222222222,203,4,1093.9241962306,12,0
"533",2017-07-07,2017,7,7,15.1,8.5,11.8,NA,1.4,"56",12,0.963888888888889,188,1,36.2416666666667,1,0
"534",2017-07-08,2017,7,8,17.5,6.6,12.1,NA,0,"76",12,0.988888888888889,189,1,40.0086956521739,2,0
"535",2017-07-09,2017,7,9,12.9,3.3,8.1,NA,0,"70",12,0.982638888888889,190,2,87.7199275362319,3,0
"536",2017-07-10,2017,7,10,14.2,2.8,8.5,NA,0,"43",12,0.980555555555556,191,3,136.989492753623,4,0
"537",2017-07-11,2017,7,11,21.2,6.8,14,NA,0.6,"39",12,0.970833333333333,192,3,176.177432712215,5,0
"538",2017-07-12,2017,7,12,13.6,7.8,10.7,NA,0,"<31",12,0.967361111111111,193,3,222.350724637681,6,0
"539",2017-07-13,2017,7,13,13.6,7.7,10.7,NA,0.2,"<31",12,0.958333333333333,194,3,277.737298932951,7,0
"540",2017-07-14,2017,7,14,15.6,6,10.8,NA,0,"74",12,0.971527777777778,195,3,348.75238095238,8,0
"541",2017-07-15,2017,7,15,23,10.3,16.7,NA,0,"65",12,0.945138888888889,196,3,434.284775641025,9,0
"542",2017-07-16,2017,7,16,24.5,11.8,18.2,NA,0.2,"48",12,0.925694444444444,197,3,507.041141785043,10,0
"543",2017-07-17,2017,7,17,13,6.5,9.8,NA,0,"57",12,0.976388888888889,198,3,620.709821428571,11,0
"544",2017-07-18,2017,7,18,11.8,5.8,8.8,NA,0.2,"65",12,0.914583333333333,199,3,711.739537139689,12,0
"545",2017-07-07,2017,7,7,15.1,8.5,11.8,NA,1.4,"56",147,0.997222222222222,188,2,72.4833333333334,1,0
"546",2017-07-08,2017,7,8,17.5,6.6,12.1,NA,0,"76",147,0.975694444444444,189,2,80.0173913043478,2,0
"547",2017-07-09,2017,7,9,12.9,3.3,8.1,NA,0,"70",147,0.977083333333333,190,3,139.198188405797,3,0
"548",2017-07-10,2017,7,10,14.2,2.8,8.5,NA,0,"43",147,0.989583333333333,191,3,161.486956521739,4,0
"549",2017-07-11,2017,7,11,21.2,6.8,14,NA,0.6,"39",147,0.985416666666667,192,4,257.100879917184,5,0
"550",2017-07-12,2017,7,12,13.6,7.8,10.7,NA,0,"<31",147,0.985416666666667,193,4,321.014492753623,6,0
"551",2017-07-13,2017,7,13,13.6,7.7,10.7,NA,0.2,"<31",147,1,194,4,400.784121675425,7,0
"552",2017-07-14,2017,7,14,15.6,6,10.8,NA,0,"74",147,1,195,4,478.729606625258,8,0
"553",2017-07-12,2017,7,12,13.6,7.8,10.7,NA,0,"<31",18,0.984722222222222,193,2,72.4833333333334,1,0
"554",2017-07-13,2017,7,13,13.6,7.7,10.7,NA,0.2,"<31",18,0.99375,194,2,80.0173913043478,2,0
"555",2017-07-14,2017,7,14,15.6,6,10.8,NA,0,"74",18,0.984027777777778,195,3,139.198188405797,3,0
"556",2017-07-15,2017,7,15,23,10.3,16.7,NA,0,"65",18,0.986111111111111,196,3,161.486956521739,4,0
"557",2017-07-16,2017,7,16,24.5,11.8,18.2,NA,0.2,"48",18,0.971527777777778,197,3,220.859213250518,5,0
"558",2017-07-17,2017,7,17,13,6.5,9.8,NA,0,"57",18,0.975,198,3,281.005797101449,6,0
"559",2017-07-18,2017,7,18,11.8,5.8,8.8,NA,0.2,"65",18,0.995833333333333,199,3,349.30586080586,7,0
"560",2017-07-19,2017,7,19,10.2,5.5,7.9,NA,1.4,"93",18,0.997916666666667,200,3,417.990476190475,8,0
"561",2017-07-20,2017,7,20,13.1,5.5,9.3,NA,0.2,"69",18,1,201,3,515.995192307692,9,0
"562",2017-07-21,2017,7,21,18.6,6.7,12.7,NA,0,"43",18,0.95625,202,3,595.538327526131,10,0
"563",2017-07-22,2017,7,22,20.4,9.3,14.9,NA,0,"35",18,0.797222222222222,203,3,741.71875,11,0
"564",2017-07-23,2017,7,23,14.1,8.8,11.5,NA,0.2,"59",18,0.738888888888889,204,3,818.986696230598,12,0
"565",2017-07-14,2017,7,14,15.6,6,10.8,NA,0,"74",19,0.999305555555556,195,2,72.4833333333334,1,0
"566",2017-07-15,2017,7,15,23,10.3,16.7,NA,0,"65",19,0.999305555555556,196,4,152.500724637681,2,0
"567",2017-07-16,2017,7,16,24.5,11.8,18.2,NA,0.2,"48",19,0.986805555555556,197,4,182.973913043478,3,0
"568",2017-07-17,2017,7,17,13,6.5,9.8,NA,0,"57",19,0.988888888888889,198,4,224.434782608696,4,0
"569",2017-07-18,2017,7,18,11.8,5.8,8.8,NA,0.2,"65",19,1,199,4,290.859213250518,5,0
"570",2017-07-19,2017,7,19,10.2,5.5,7.9,NA,1.4,"93",19,0.986805555555556,200,4,389.647619047618,6,0
"571",2017-07-20,2017,7,20,13.1,5.5,9.3,NA,0.2,"69",19,0.941666666666667,201,4,484.88205128205,7,0
"572",2017-07-21,2017,7,21,18.6,6.7,12.7,NA,0,"43",19,0.840972222222222,202,4,572.472527472526,8,0
"573",2017-07-22,2017,7,22,20.4,9.3,14.9,NA,0,"35",19,0.704166666666667,203,4,691.544642857142,9,0
"574",2017-07-23,2017,7,23,14.1,8.8,11.5,NA,0.2,"59",19,0.697916666666667,204,4,825.29725609756,10,0
"575",2017-07-24,2017,7,24,19.7,8,13.9,NA,0,"56",19,0.672351885098743,205,4,991.48475609756,11,0
"576",2017-07-25,2017,7,25,14.2,9.2,11.7,NA,0.4,"39",19,0.740825688073395,206,4,1148.05681818182,12,0
"577",2017-07-09,2017,7,9,12.9,3.3,8.1,NA,0,"70",22,0.99375,190,1,36.2416666666667,1,0
"578",2017-07-10,2017,7,10,14.2,2.8,8.5,NA,0,"43",22,0.990972222222222,191,1,40.0086956521739,2,0
"579",2017-07-11,2017,7,11,21.2,6.8,14,NA,0.6,"39",22,0.999305555555556,192,2,87.7199275362319,3,0
"580",2017-07-12,2017,7,12,13.6,7.8,10.7,NA,0,"<31",22,0.993055555555556,193,3,136.989492753623,4,0
"581",2017-07-13,2017,7,13,13.6,7.7,10.7,NA,0.2,"<31",22,0.986805555555556,194,3,176.177432712215,5,0
"582",2017-07-14,2017,7,14,15.6,6,10.8,NA,0,"74",22,0.967361111111111,195,3,222.350724637681,6,0
"583",2017-07-15,2017,7,15,23,10.3,16.7,NA,0,"65",22,0.941666666666667,196,3,277.737298932951,7,0
"584",2017-07-16,2017,7,16,24.5,11.8,18.2,NA,0.2,"48",22,0.85,197,3,348.75238095238,8,0
"585",2017-07-17,2017,7,17,13,6.5,9.8,NA,0,"57",22,0.83125,198,3,434.284775641025,9,0
"586",2017-07-18,2017,7,18,11.8,5.8,8.8,NA,0.2,"65",22,0.909027777777778,199,3,507.041141785043,10,0
"587",2017-07-19,2017,7,19,10.2,5.5,7.9,NA,1.4,"93",22,0.9424,200,3,620.709821428571,11,0
"588",2017-07-14,2017,7,14,15.6,6,10.8,NA,0,"74",23,1,195,1,36.2416666666667,1,0
"589",2017-07-15,2017,7,15,23,10.3,16.7,NA,0,"65",23,0.997222222222222,196,1,40.0086956521739,2,0
"590",2017-07-16,2017,7,16,24.5,11.8,18.2,NA,0.2,"48",23,0.997916666666667,197,1,51.4782608695652,3,0
"591",2017-07-17,2017,7,17,13,6.5,9.8,NA,0,"57",23,1,198,1,60.7391304347826,4,0
"592",2017-07-18,2017,7,18,11.8,5.8,8.8,NA,0.2,"65",23,0.999305555555556,199,1,84.6904761904762,5,0
"593",2017-07-19,2017,7,19,10.2,5.5,7.9,NA,1.4,"93",23,0.997222222222222,200,1,110.133333333333,6,0
"594",2017-07-20,2017,7,20,13.1,5.5,9.3,NA,0.2,"69",23,0.996527777777778,201,1,132.307692307692,7,0
"595",2017-07-21,2017,7,21,18.6,6.7,12.7,NA,0,"43",23,1,202,1,153.928571428571,8,0
"596",2017-07-22,2017,7,22,20.4,9.3,14.9,NA,0,"35",23,0.603225806451613,203,1,191.84375,9,0
"597",2017-07-23,2017,7,23,14.1,8.8,11.5,NA,0.2,"59",23,0.525,204,1,220.80487804878,10,0
"598",2017-07-24,2017,7,24,19.7,8,13.9,NA,0,"56",23,0.111111111111111,205,1,274.9375,11,0
"599",2017-07-25,2017,7,25,14.2,9.2,11.7,NA,0.4,"39",23,0.438888888888889,206,1,299.090909090909,12,0
"600",2017-07-12,2017,7,12,13.6,7.8,10.7,NA,0,"<31",51,0.998632010943912,193,2,76.2503623188406,2,0
"601",2017-07-13,2017,7,13,13.6,7.7,10.7,NA,0.2,"<31",51,0.991833704528582,194,3,127.728623188406,3,0
"602",2017-07-14,2017,7,14,15.6,6,10.8,NA,0,"74",51,0.938888888888889,195,3,152.226086956522,4,0
"603",2017-07-15,2017,7,15,23,10.3,16.7,NA,0,"65",51,0.93519882179676,196,3,196.907867494824,5,0
"604",2017-07-16,2017,7,16,24.5,11.8,18.2,NA,0.2,"48",51,0.965875370919881,197,3,255.562939958592,6,0
"605",2017-07-17,2017,7,17,13,6.5,9.8,NA,0,"57",51,0.750188679245283,198,3,327.131501831501,7,0
"606",2017-07-18,2017,7,18,11.8,5.8,8.8,NA,0.2,"65",51,0.963888888888889,199,3,396.369597069596,8,0
"607",2017-07-19,2017,7,19,10.2,5.5,7.9,NA,1.4,"93",51,0.922916666666667,200,3,478.080013736263,9,0
"608",2017-07-20,2017,7,20,13.1,5.5,9.3,NA,0.2,"69",51,0.54375,201,3,566.577199477351,10,0
"609",2017-07-21,2017,7,21,18.6,6.7,12.7,NA,0,"43",51,0.417361111111111,202,3,687.58612804878,11,0
"610",2017-07-22,2017,7,22,20.4,9.3,14.9,NA,0,"35",51,0.461805555555556,203,3,794.833287139689,12,0
"611",2017-07-17,2017,7,17,13,6.5,9.8,NA,0,"57",58,0.999305555555556,198,3,108.725,1,0
"612",2017-07-18,2017,7,18,11.8,5.8,8.8,NA,0.2,"65",58,0.998401278976819,199,4,156.267753623188,2,0
"613",2017-07-20,2017,7,20,13.1,5.5,9.3,NA,0.2,"69",58,1,201,4,233.695652173913,4,0
"614",2017-07-21,2017,7,21,18.6,6.7,12.7,NA,0,"43",58,1,202,4,314.810559006211,5,0
"615",2017-07-25,2017,7,25,14.2,9.2,11.7,NA,0.4,"39",58,0.888571428571429,206,4,729.459821428571,9,0
"616",2017-07-26,2017,7,26,16.3,7.5,11.9,NA,0,"70",58,0.795138888888889,207,4,854.25838414634,10,0
"617",2017-07-27,2017,7,27,14.6,8.6,11.6,NA,0,"50",58,0.573611111111111,208,4,1045.61737804878,11,0
"618",2017-07-28,2017,7,28,11.1,6.7,8.9,NA,12.6,"61",58,0.991666666666667,209,4,1172.21022727273,12,0
"619",2017-07-24,2017,7,24,19.7,8,13.9,NA,0,"56",75,0.993055555555556,205,1,36.2416666666667,1,0
"620",2017-07-25,2017,7,25,14.2,9.2,11.7,NA,0.4,"39",75,0.999305555555556,206,1,40.0086956521739,2,0
"621",2017-07-26,2017,7,26,16.3,7.5,11.9,NA,0,"70",75,0.995138888888889,207,2,87.7199275362319,3,0
"622",2017-07-27,2017,7,27,14.6,8.6,11.6,NA,0,"50",75,1,208,3,136.989492753623,4,0
"623",2017-07-28,2017,7,28,11.1,6.7,8.9,NA,12.6,"61",75,0.995833333333333,209,3,176.177432712215,5,0
"624",2017-07-29,2017,7,29,12.9,6.4,9.7,NA,19.4,"69",75,0.997780244173141,210,3,222.350724637681,6,0
"625",2017-07-30,2017,7,30,19.1,5.5,12.3,NA,0,"50",75,1,211,3,277.737298932951,7,0
"626",2017-07-31,2017,7,31,14.6,9.4,12,NA,2.8,"41",75,0.976388888888889,212,3,348.75238095238,8,0
"627",2017-08-01,2017,8,1,14,7,10.5,NA,2,"50",75,0.979166666666667,213,3,434.284775641025,9,0
"628",2017-08-02,2017,8,2,15.7,4.7,10.2,NA,0,"50",75,0.9903988183161,214,3,507.041141785043,10,0
"629",2017-08-04,2017,8,4,14.1,7.4,10.8,NA,0,"<31",75,0.748211731044349,216,3,711.739537139689,12,0
"630",2017-07-06,2017,7,6,21.7,10.1,15.9,NA,0,"59",8,0.996527777777778,187,1,36.2416666666667,1,0
"631",2017-07-07,2017,7,7,15.1,8.5,11.8,NA,1.4,"56",8,0.980555555555556,188,1,40.0086956521739,2,0
"632",2017-07-08,2017,7,8,17.5,6.6,12.1,NA,0,"76",8,0.979166666666667,189,2,87.7199275362319,3,0
"633",2017-07-09,2017,7,9,12.9,3.3,8.1,NA,0,"70",8,1,190,2,100.747826086957,4,0
"634",2017-07-10,2017,7,10,14.2,2.8,8.5,NA,0,"43",8,0.958333333333333,191,2,136.168737060041,5,0
"635",2017-07-11,2017,7,11,21.2,6.8,14,NA,0.6,"39",8,0.916666666666667,192,2,170.872463768116,6,0
"636",2017-07-12,2017,7,12,13.6,7.8,10.7,NA,0,"<31",8,0.9375,193,2,216.998168498168,7,0
"637",2017-07-13,2017,7,13,13.6,7.7,10.7,NA,0.2,"<31",8,0.926388888888889,194,2,264.061904761904,8,0
"638",2017-07-14,2017,7,14,15.6,6,10.8,NA,0,"74",8,0.90625,195,2,324.151442307692,9,0
"639",2017-07-15,2017,7,15,23,10.3,16.7,NA,0,"65",8,0.886805555555556,196,2,374.733449477351,10,0
"640",2017-07-16,2017,7,16,24.5,11.8,18.2,NA,0.2,"48",8,0.786111111111111,197,2,466.78125,11,0
"641",2017-07-17,2017,7,17,13,6.5,9.8,NA,0,"57",8,0.822222222222222,198,2,519.895787139689,12,0
"642",2017-07-12,2017,7,12,13.6,7.8,10.7,NA,0,"<31",89,0.972916666666667,193,2,72.4833333333334,1,0
"643",2017-07-13,2017,7,13,13.6,7.7,10.7,NA,0.2,"<31",89,0.963888888888889,194,2,80.0173913043478,2,0
"644",2017-07-14,2017,7,14,15.6,6,10.8,NA,0,"74",89,0.982638888888889,195,3,139.198188405797,3,0
"645",2017-07-15,2017,7,15,23,10.3,16.7,NA,0,"65",89,0.972222222222222,196,3,161.486956521739,4,0
"646",2017-07-16,2017,7,16,24.5,11.8,18.2,NA,0.2,"48",89,0.958333333333333,197,3,220.859213250518,5,0
"647",2017-07-17,2017,7,17,13,6.5,9.8,NA,0,"57",89,0.949305555555556,198,3,281.005797101449,6,0
"648",2017-07-18,2017,7,18,11.8,5.8,8.8,NA,0.2,"65",89,0.933333333333333,199,3,349.30586080586,7,0
"649",2017-07-19,2017,7,19,10.2,5.5,7.9,NA,1.4,"93",89,0.963194444444444,200,3,417.990476190475,8,0
"650",2017-07-20,2017,7,20,13.1,5.5,9.3,NA,0.2,"69",89,0.820833333333333,201,3,515.995192307692,9,0
"651",2017-07-21,2017,7,21,18.6,6.7,12.7,NA,0,"43",89,0.629890453834116,202,3,595.538327526131,10,0
"652",2017-07-22,2017,7,22,20.4,9.3,14.9,NA,0,"35",89,0.787638668779715,203,3,741.71875,11,0
"653",2017-07-23,2017,7,23,14.1,8.8,11.5,NA,0.2,"59",89,0.471321695760599,204,3,818.986696230598,12,0
"654",2017-07-14,2017,7,14,15.6,6,10.8,NA,0,"74",95,0.994444444444444,195,3,108.725,1,0
"655",2017-07-15,2017,7,15,23,10.3,16.7,NA,0,"65",95,0.997222222222222,196,3,120.026086956522,2,0
"656",2017-07-16,2017,7,16,24.5,11.8,18.2,NA,0.2,"48",95,0.990277777777778,197,3,154.434782608696,3,0
"657",2017-07-17,2017,7,17,13,6.5,9.8,NA,0,"57",95,0.995138888888889,198,3,182.217391304348,4,0
"658",2017-07-18,2017,7,18,11.8,5.8,8.8,NA,0.2,"65",95,0.998611111111111,199,3,254.071428571429,5,0
"659",2017-07-19,2017,7,19,10.2,5.5,7.9,NA,1.4,"93",95,0.996527777777778,200,3,330.399999999999,6,0
"660",2017-07-16,2017,7,16,24.5,11.8,18.2,NA,0.2,"48",98,0.966666666666667,197,1,36.2416666666667,1,0
"661",2017-07-17,2017,7,17,13,6.5,9.8,NA,0,"57",98,0.975694444444444,198,3,112.492028985507,2,0
"662",2017-07-18,2017,7,18,11.8,5.8,8.8,NA,0.2,"65",98,0.952083333333333,199,3,131.495652173913,3,0
"663",2017-07-19,2017,7,19,10.2,5.5,7.9,NA,1.4,"93",98,0.979861111111111,200,4,199.93731884058,4,0
"664",2017-07-20,2017,7,20,13.1,5.5,9.3,NA,0.2,"69",98,0.96875,201,4,246.177432712215,5,0
"665",2017-07-21,2017,7,21,18.6,6.7,12.7,NA,0,"43",98,0.935416666666667,202,4,330.992546583851,6,0
"666",2017-07-22,2017,7,22,20.4,9.3,14.9,NA,0,"35",98,0.904861111111111,203,4,413.313489409141,7,0
"667",2017-07-23,2017,7,23,14.1,8.8,11.5,NA,0.2,"59",98,0.882638888888889,204,4,503.234432234431,8,0
"668",2017-07-24,2017,7,24,19.7,8,13.9,NA,0,"56",98,0.911553784860558,205,4,609.834226190475,9,0
"669",2017-07-25,2017,7,25,14.2,9.2,11.7,NA,0.4,"39",98,0.827777777777778,206,4,736.800070356472,10,0
"670",2017-07-26,2017,7,26,16.3,7.5,11.9,NA,0,"70",98,0.657638888888889,207,4,870.475827526131,11,0
"671",2017-07-27,2017,7,27,14.6,8.6,11.6,NA,0,"50",98,0.482638888888889,208,4,1040.80965909091,12,0
"672",2017-07-11,2017,7,11,21.2,6.8,14,NA,0.6,"39",100,0.999305555555556,192,2,72.4833333333334,1,0
"673",2017-07-12,2017,7,12,13.6,7.8,10.7,NA,0,"<31",100,0.984027777777778,193,3,116.259057971014,2,0
"674",2017-07-13,2017,7,13,13.6,7.7,10.7,NA,0.2,"<31",100,0.9875,194,4,179.206884057971,3,0
"675",2017-07-14,2017,7,14,15.6,6,10.8,NA,0,"74",100,0.985416666666667,195,4,212.965217391304,4,0
"676",2017-07-15,2017,7,15,23,10.3,16.7,NA,0,"65",100,0.975,196,4,281.5983436853,5,0
"677",2017-07-16,2017,7,16,24.5,11.8,18.2,NA,0.2,"48",100,0.915277777777778,197,4,365.696273291925,6,0
"678",2017-07-17,2017,7,17,13,6.5,9.8,NA,0,"57",100,0.95625,198,4,459.439194139193,7,0
"679",2017-07-18,2017,7,18,11.8,5.8,8.8,NA,0.2,"65",100,0.972222222222222,199,4,550.298168498167,8,0
"680",2017-07-19,2017,7,19,10.2,5.5,7.9,NA,1.4,"93",100,0.981944444444444,200,4,669.923763736263,9,0
"681",2017-07-20,2017,7,20,13.1,5.5,9.3,NA,0.2,"69",100,0.860045146726862,201,4,787.382077526131,10,0
"682",2017-07-21,2017,7,21,18.6,6.7,12.7,NA,0,"43",100,0.521527777777778,202,4,962.52362804878,11,0
"683",2017-07-22,2017,7,22,20.4,9.3,14.9,NA,0,"35",100,0.303472222222222,203,4,1093.9241962306,12,0
"684",2017-07-07,2017,7,7,15.1,8.5,11.8,NA,1.4,"56",12,0.963888888888889,188,1,36.2416666666667,1,0
"685",2017-07-08,2017,7,8,17.5,6.6,12.1,NA,0,"76",12,0.988888888888889,189,1,40.0086956521739,2,0
"686",2017-07-09,2017,7,9,12.9,3.3,8.1,NA,0,"70",12,0.982638888888889,190,2,87.7199275362319,3,0
"687",2017-07-10,2017,7,10,14.2,2.8,8.5,NA,0,"43",12,0.980555555555556,191,3,136.989492753623,4,0
"688",2017-07-11,2017,7,11,21.2,6.8,14,NA,0.6,"39",12,0.970833333333333,192,3,176.177432712215,5,0
"689",2017-07-12,2017,7,12,13.6,7.8,10.7,NA,0,"<31",12,0.967361111111111,193,3,222.350724637681,6,0
"690",2017-07-13,2017,7,13,13.6,7.7,10.7,NA,0.2,"<31",12,0.958333333333333,194,3,277.737298932951,7,0
"691",2017-07-14,2017,7,14,15.6,6,10.8,NA,0,"74",12,0.971527777777778,195,3,348.75238095238,8,0
"692",2017-07-15,2017,7,15,23,10.3,16.7,NA,0,"65",12,0.945138888888889,196,3,434.284775641025,9,0
"693",2017-07-16,2017,7,16,24.5,11.8,18.2,NA,0.2,"48",12,0.925694444444444,197,3,507.041141785043,10,0
"694",2017-07-17,2017,7,17,13,6.5,9.8,NA,0,"57",12,0.976388888888889,198,3,620.709821428571,11,0
"695",2017-07-18,2017,7,18,11.8,5.8,8.8,NA,0.2,"65",12,0.914583333333333,199,3,711.739537139689,12,0
"696",2017-07-07,2017,7,7,15.1,8.5,11.8,NA,1.4,"56",147,0.997222222222222,188,2,72.4833333333334,1,0
"697",2017-07-08,2017,7,8,17.5,6.6,12.1,NA,0,"76",147,0.975694444444444,189,2,80.0173913043478,2,0
"698",2017-07-09,2017,7,9,12.9,3.3,8.1,NA,0,"70",147,0.977083333333333,190,3,139.198188405797,3,0
"699",2017-07-10,2017,7,10,14.2,2.8,8.5,NA,0,"43",147,0.989583333333333,191,3,161.486956521739,4,0
"700",2017-07-11,2017,7,11,21.2,6.8,14,NA,0.6,"39",147,0.985416666666667,192,4,257.100879917184,5,0
"701",2017-07-12,2017,7,12,13.6,7.8,10.7,NA,0,"<31",147,0.985416666666667,193,4,321.014492753623,6,0
"702",2017-07-13,2017,7,13,13.6,7.7,10.7,NA,0.2,"<31",147,1,194,4,400.784121675425,7,0
"703",2017-07-14,2017,7,14,15.6,6,10.8,NA,0,"74",147,1,195,4,478.729606625258,8,0
"704",2017-07-12,2017,7,12,13.6,7.8,10.7,NA,0,"<31",18,0.984722222222222,193,2,72.4833333333334,1,0
"705",2017-07-13,2017,7,13,13.6,7.7,10.7,NA,0.2,"<31",18,0.99375,194,2,80.0173913043478,2,0
"706",2017-07-14,2017,7,14,15.6,6,10.8,NA,0,"74",18,0.984027777777778,195,3,139.198188405797,3,0
"707",2017-07-15,2017,7,15,23,10.3,16.7,NA,0,"65",18,0.986111111111111,196,3,161.486956521739,4,0
"708",2017-07-16,2017,7,16,24.5,11.8,18.2,NA,0.2,"48",18,0.971527777777778,197,3,220.859213250518,5,0
"709",2017-07-17,2017,7,17,13,6.5,9.8,NA,0,"57",18,0.975,198,3,281.005797101449,6,0
"710",2017-07-18,2017,7,18,11.8,5.8,8.8,NA,0.2,"65",18,0.995833333333333,199,3,349.30586080586,7,0
"711",2017-07-19,2017,7,19,10.2,5.5,7.9,NA,1.4,"93",18,0.997916666666667,200,3,417.990476190475,8,0
"712",2017-07-20,2017,7,20,13.1,5.5,9.3,NA,0.2,"69",18,1,201,3,515.995192307692,9,0
"713",2017-07-21,2017,7,21,18.6,6.7,12.7,NA,0,"43",18,0.95625,202,3,595.538327526131,10,0
"714",2017-07-22,2017,7,22,20.4,9.3,14.9,NA,0,"35",18,0.797222222222222,203,3,741.71875,11,0
"715",2017-07-23,2017,7,23,14.1,8.8,11.5,NA,0.2,"59",18,0.738888888888889,204,3,818.986696230598,12,0
"716",2017-07-14,2017,7,14,15.6,6,10.8,NA,0,"74",19,0.999305555555556,195,2,72.4833333333334,1,0
"717",2017-07-15,2017,7,15,23,10.3,16.7,NA,0,"65",19,0.999305555555556,196,4,152.500724637681,2,0
"718",2017-07-16,2017,7,16,24.5,11.8,18.2,NA,0.2,"48",19,0.986805555555556,197,4,182.973913043478,3,0
"719",2017-07-17,2017,7,17,13,6.5,9.8,NA,0,"57",19,0.988888888888889,198,4,224.434782608696,4,0
"720",2017-07-18,2017,7,18,11.8,5.8,8.8,NA,0.2,"65",19,1,199,4,290.859213250518,5,0
"721",2017-07-19,2017,7,19,10.2,5.5,7.9,NA,1.4,"93",19,0.986805555555556,200,4,389.647619047618,6,0
"722",2017-07-20,2017,7,20,13.1,5.5,9.3,NA,0.2,"69",19,0.941666666666667,201,4,484.88205128205,7,0
"723",2017-07-21,2017,7,21,18.6,6.7,12.7,NA,0,"43",19,0.840972222222222,202,4,572.472527472526,8,0
"724",2017-07-22,2017,7,22,20.4,9.3,14.9,NA,0,"35",19,0.704166666666667,203,4,691.544642857142,9,0
"725",2017-07-23,2017,7,23,14.1,8.8,11.5,NA,0.2,"59",19,0.697916666666667,204,4,825.29725609756,10,0
"726",2017-07-24,2017,7,24,19.7,8,13.9,NA,0,"56",19,0.672351885098743,205,4,991.48475609756,11,0
"727",2017-07-25,2017,7,25,14.2,9.2,11.7,NA,0.4,"39",19,0.740825688073395,206,4,1148.05681818182,12,0
"728",2017-07-09,2017,7,9,12.9,3.3,8.1,NA,0,"70",22,0.99375,190,1,36.2416666666667,1,0
"729",2017-07-10,2017,7,10,14.2,2.8,8.5,NA,0,"43",22,0.990972222222222,191,1,40.0086956521739,2,0
"730",2017-07-11,2017,7,11,21.2,6.8,14,NA,0.6,"39",22,0.999305555555556,192,2,87.7199275362319,3,0
"731",2017-07-12,2017,7,12,13.6,7.8,10.7,NA,0,"<31",22,0.993055555555556,193,3,136.989492753623,4,0
"732",2017-07-13,2017,7,13,13.6,7.7,10.7,NA,0.2,"<31",22,0.986805555555556,194,3,176.177432712215,5,0
"733",2017-07-14,2017,7,14,15.6,6,10.8,NA,0,"74",22,0.967361111111111,195,3,222.350724637681,6,0
"734",2017-07-15,2017,7,15,23,10.3,16.7,NA,0,"65",22,0.941666666666667,196,3,277.737298932951,7,0
"735",2017-07-16,2017,7,16,24.5,11.8,18.2,NA,0.2,"48",22,0.85,197,3,348.75238095238,8,0
"736",2017-07-17,2017,7,17,13,6.5,9.8,NA,0,"57",22,0.83125,198,3,434.284775641025,9,0
"737",2017-07-18,2017,7,18,11.8,5.8,8.8,NA,0.2,"65",22,0.909027777777778,199,3,507.041141785043,10,0
"738",2017-07-19,2017,7,19,10.2,5.5,7.9,NA,1.4,"93",22,0.9424,200,3,620.709821428571,11,0
"739",2017-07-14,2017,7,14,15.6,6,10.8,NA,0,"74",23,1,195,1,36.2416666666667,1,0
"740",2017-07-15,2017,7,15,23,10.3,16.7,NA,0,"65",23,0.997222222222222,196,1,40.0086956521739,2,0
"741",2017-07-16,2017,7,16,24.5,11.8,18.2,NA,0.2,"48",23,0.997916666666667,197,1,51.4782608695652,3,0
"742",2017-07-17,2017,7,17,13,6.5,9.8,NA,0,"57",23,1,198,1,60.7391304347826,4,0
"743",2017-07-18,2017,7,18,11.8,5.8,8.8,NA,0.2,"65",23,0.999305555555556,199,1,84.6904761904762,5,0
"744",2017-07-19,2017,7,19,10.2,5.5,7.9,NA,1.4,"93",23,0.997222222222222,200,1,110.133333333333,6,0
"745",2017-07-20,2017,7,20,13.1,5.5,9.3,NA,0.2,"69",23,0.996527777777778,201,1,132.307692307692,7,0
"746",2017-07-21,2017,7,21,18.6,6.7,12.7,NA,0,"43",23,1,202,1,153.928571428571,8,0
"747",2017-07-22,2017,7,22,20.4,9.3,14.9,NA,0,"35",23,0.603225806451613,203,1,191.84375,9,0
"748",2017-07-23,2017,7,23,14.1,8.8,11.5,NA,0.2,"59",23,0.525,204,1,220.80487804878,10,0
"749",2017-07-24,2017,7,24,19.7,8,13.9,NA,0,"56",23,0.111111111111111,205,1,274.9375,11,0
"750",2017-07-25,2017,7,25,14.2,9.2,11.7,NA,0.4,"39",23,0.438888888888889,206,1,299.090909090909,12,0
"751",2017-07-12,2017,7,12,13.6,7.8,10.7,NA,0,"<31",51,0.998632010943912,193,2,76.2503623188406,2,0
"752",2017-07-13,2017,7,13,13.6,7.7,10.7,NA,0.2,"<31",51,0.991833704528582,194,3,127.728623188406,3,0
"753",2017-07-14,2017,7,14,15.6,6,10.8,NA,0,"74",51,0.938888888888889,195,3,152.226086956522,4,0
"754",2017-07-15,2017,7,15,23,10.3,16.7,NA,0,"65",51,0.93519882179676,196,3,196.907867494824,5,0
"755",2017-07-16,2017,7,16,24.5,11.8,18.2,NA,0.2,"48",51,0.965875370919881,197,3,255.562939958592,6,0
"756",2017-07-17,2017,7,17,13,6.5,9.8,NA,0,"57",51,0.750188679245283,198,3,327.131501831501,7,0
"757",2017-07-18,2017,7,18,11.8,5.8,8.8,NA,0.2,"65",51,0.963888888888889,199,3,396.369597069596,8,0
"758",2017-07-19,2017,7,19,10.2,5.5,7.9,NA,1.4,"93",51,0.922916666666667,200,3,478.080013736263,9,0
"759",2017-07-20,2017,7,20,13.1,5.5,9.3,NA,0.2,"69",51,0.54375,201,3,566.577199477351,10,0
"760",2017-07-21,2017,7,21,18.6,6.7,12.7,NA,0,"43",51,0.417361111111111,202,3,687.58612804878,11,0
"761",2017-07-22,2017,7,22,20.4,9.3,14.9,NA,0,"35",51,0.461805555555556,203,3,794.833287139689,12,0
"762",2017-07-17,2017,7,17,13,6.5,9.8,NA,0,"57",58,0.999305555555556,198,3,108.725,1,0
"763",2017-07-18,2017,7,18,11.8,5.8,8.8,NA,0.2,"65",58,0.998401278976819,199,4,156.267753623188,2,0
"764",2017-07-20,2017,7,20,13.1,5.5,9.3,NA,0.2,"69",58,1,201,4,233.695652173913,4,0
"765",2017-07-21,2017,7,21,18.6,6.7,12.7,NA,0,"43",58,1,202,4,314.810559006211,5,0
"766",2017-07-25,2017,7,25,14.2,9.2,11.7,NA,0.4,"39",58,0.888571428571429,206,4,729.459821428571,9,0
"767",2017-07-26,2017,7,26,16.3,7.5,11.9,NA,0,"70",58,0.795138888888889,207,4,854.25838414634,10,0
"768",2017-07-27,2017,7,27,14.6,8.6,11.6,NA,0,"50",58,0.573611111111111,208,4,1045.61737804878,11,0
"769",2017-07-28,2017,7,28,11.1,6.7,8.9,NA,12.6,"61",58,0.991666666666667,209,4,1172.21022727273,12,0
"770",2017-07-24,2017,7,24,19.7,8,13.9,NA,0,"56",75,0.993055555555556,205,1,36.2416666666667,1,0
"771",2017-07-25,2017,7,25,14.2,9.2,11.7,NA,0.4,"39",75,0.999305555555556,206,1,40.0086956521739,2,0
"772",2017-07-26,2017,7,26,16.3,7.5,11.9,NA,0,"70",75,0.995138888888889,207,2,87.7199275362319,3,0
"773",2017-07-27,2017,7,27,14.6,8.6,11.6,NA,0,"50",75,1,208,3,136.989492753623,4,0
"774",2017-07-28,2017,7,28,11.1,6.7,8.9,NA,12.6,"61",75,0.995833333333333,209,3,176.177432712215,5,0
"775",2017-07-29,2017,7,29,12.9,6.4,9.7,NA,19.4,"69",75,0.997780244173141,210,3,222.350724637681,6,0
"776",2017-07-30,2017,7,30,19.1,5.5,12.3,NA,0,"50",75,1,211,3,277.737298932951,7,0
"777",2017-07-31,2017,7,31,14.6,9.4,12,NA,2.8,"41",75,0.976388888888889,212,3,348.75238095238,8,0
"778",2017-08-01,2017,8,1,14,7,10.5,NA,2,"50",75,0.979166666666667,213,3,434.284775641025,9,0
"779",2017-08-02,2017,8,2,15.7,4.7,10.2,NA,0,"50",75,0.9903988183161,214,3,507.041141785043,10,0
"780",2017-08-04,2017,8,4,14.1,7.4,10.8,NA,0,"<31",75,0.748211731044349,216,3,711.739537139689,12,0
"781",2017-07-06,2017,7,6,21.7,10.1,15.9,NA,0,"59",8,0.996527777777778,187,1,36.2416666666667,1,0
"782",2017-07-07,2017,7,7,15.1,8.5,11.8,NA,1.4,"56",8,0.980555555555556,188,1,40.0086956521739,2,0
"783",2017-07-08,2017,7,8,17.5,6.6,12.1,NA,0,"76",8,0.979166666666667,189,2,87.7199275362319,3,0
"784",2017-07-09,2017,7,9,12.9,3.3,8.1,NA,0,"70",8,1,190,2,100.747826086957,4,0
"785",2017-07-10,2017,7,10,14.2,2.8,8.5,NA,0,"43",8,0.958333333333333,191,2,136.168737060041,5,0
"786",2017-07-11,2017,7,11,21.2,6.8,14,NA,0.6,"39",8,0.916666666666667,192,2,170.872463768116,6,0
"787",2017-07-12,2017,7,12,13.6,7.8,10.7,NA,0,"<31",8,0.9375,193,2,216.998168498168,7,0
"788",2017-07-13,2017,7,13,13.6,7.7,10.7,NA,0.2,"<31",8,0.926388888888889,194,2,264.061904761904,8,0
"789",2017-07-14,2017,7,14,15.6,6,10.8,NA,0,"74",8,0.90625,195,2,324.151442307692,9,0
"790",2017-07-15,2017,7,15,23,10.3,16.7,NA,0,"65",8,0.886805555555556,196,2,374.733449477351,10,0
"791",2017-07-16,2017,7,16,24.5,11.8,18.2,NA,0.2,"48",8,0.786111111111111,197,2,466.78125,11,0
"792",2017-07-17,2017,7,17,13,6.5,9.8,NA,0,"57",8,0.822222222222222,198,2,519.895787139689,12,0
"793",2017-07-12,2017,7,12,13.6,7.8,10.7,NA,0,"<31",89,0.972916666666667,193,2,72.4833333333334,1,0
"794",2017-07-13,2017,7,13,13.6,7.7,10.7,NA,0.2,"<31",89,0.963888888888889,194,2,80.0173913043478,2,0
"795",2017-07-14,2017,7,14,15.6,6,10.8,NA,0,"74",89,0.982638888888889,195,3,139.198188405797,3,0
"796",2017-07-15,2017,7,15,23,10.3,16.7,NA,0,"65",89,0.972222222222222,196,3,161.486956521739,4,0
"797",2017-07-16,2017,7,16,24.5,11.8,18.2,NA,0.2,"48",89,0.958333333333333,197,3,220.859213250518,5,0
"798",2017-07-17,2017,7,17,13,6.5,9.8,NA,0,"57",89,0.949305555555556,198,3,281.005797101449,6,0
"799",2017-07-18,2017,7,18,11.8,5.8,8.8,NA,0.2,"65",89,0.933333333333333,199,3,349.30586080586,7,0
"800",2017-07-19,2017,7,19,10.2,5.5,7.9,NA,1.4,"93",89,0.963194444444444,200,3,417.990476190475,8,0
"801",2017-07-20,2017,7,20,13.1,5.5,9.3,NA,0.2,"69",89,0.820833333333333,201,3,515.995192307692,9,0
"802",2017-07-21,2017,7,21,18.6,6.7,12.7,NA,0,"43",89,0.629890453834116,202,3,595.538327526131,10,0
"803",2017-07-22,2017,7,22,20.4,9.3,14.9,NA,0,"35",89,0.787638668779715,203,3,741.71875,11,0
"804",2017-07-23,2017,7,23,14.1,8.8,11.5,NA,0.2,"59",89,0.471321695760599,204,3,818.986696230598,12,0
"805",2017-07-14,2017,7,14,15.6,6,10.8,NA,0,"74",95,0.994444444444444,195,3,108.725,1,0
"806",2017-07-15,2017,7,15,23,10.3,16.7,NA,0,"65",95,0.997222222222222,196,3,120.026086956522,2,0
"807",2017-07-16,2017,7,16,24.5,11.8,18.2,NA,0.2,"48",95,0.990277777777778,197,3,154.434782608696,3,0
"808",2017-07-17,2017,7,17,13,6.5,9.8,NA,0,"57",95,0.995138888888889,198,3,182.217391304348,4,0
"809",2017-07-18,2017,7,18,11.8,5.8,8.8,NA,0.2,"65",95,0.998611111111111,199,3,254.071428571429,5,0
"810",2017-07-19,2017,7,19,10.2,5.5,7.9,NA,1.4,"93",95,0.996527777777778,200,3,330.399999999999,6,0
"811",2017-07-16,2017,7,16,24.5,11.8,18.2,NA,0.2,"48",98,0.966666666666667,197,1,36.2416666666667,1,0
"812",2017-07-17,2017,7,17,13,6.5,9.8,NA,0,"57",98,0.975694444444444,198,3,112.492028985507,2,0
"813",2017-07-18,2017,7,18,11.8,5.8,8.8,NA,0.2,"65",98,0.952083333333333,199,3,131.495652173913,3,0
"814",2017-07-19,2017,7,19,10.2,5.5,7.9,NA,1.4,"93",98,0.979861111111111,200,4,199.93731884058,4,0
"815",2017-07-20,2017,7,20,13.1,5.5,9.3,NA,0.2,"69",98,0.96875,201,4,246.177432712215,5,0
"816",2017-07-21,2017,7,21,18.6,6.7,12.7,NA,0,"43",98,0.935416666666667,202,4,330.992546583851,6,0
"817",2017-07-22,2017,7,22,20.4,9.3,14.9,NA,0,"35",98,0.904861111111111,203,4,413.313489409141,7,0
"818",2017-07-23,2017,7,23,14.1,8.8,11.5,NA,0.2,"59",98,0.882638888888889,204,4,503.234432234431,8,0
"819",2017-07-24,2017,7,24,19.7,8,13.9,NA,0,"56",98,0.911553784860558,205,4,609.834226190475,9,0
"820",2017-07-25,2017,7,25,14.2,9.2,11.7,NA,0.4,"39",98,0.827777777777778,206,4,736.800070356472,10,0
"821",2017-07-26,2017,7,26,16.3,7.5,11.9,NA,0,"70",98,0.657638888888889,207,4,870.475827526131,11,0
"822",2017-07-27,2017,7,27,14.6,8.6,11.6,NA,0,"50",98,0.482638888888889,208,4,1040.80965909091,12,0
