"","ind","nest","chick","sex","year","age","weight","hatch_day"
"1","19b13",19,"blue","m",2013,29,568,2013-07-09
"2","19b13",19,"blue","m",2013,23,543,2013-07-09
"3","19b13",19,"blue","m",2013,21,516,2013-07-09
"4","19b13",19,"blue","m",2013,16,368,2013-07-09
"5","19b13",19,"blue","m",2013,11,207,2013-07-09
"6","19b13",19,"blue","m",2013,5,63,2013-07-09
"7","19bk13",19,"black","m",2013,26,572,2013-07-12
"8","19bk13",19,"black","m",2013,20,513,2013-07-12
"9","19bk13",19,"black","m",2013,18,306,2013-07-12
"10","19bk13",19,"black","m",2013,15,299,2013-07-12
"11","19bk13",19,"black","m",2013,13,294,2013-07-12
"12","19bk13",19,"black","m",2013,8,161,2013-07-12
"13","19bk13",19,"black","m",2013,2,42,2013-07-12
"14","19g13",19,"green","f",2013,29,795,2013-07-09
"15","19g13",19,"green","f",2013,23,690,2013-07-09
"16","19g13",19,"green","f",2013,21,532,2013-07-09
"17","19g13",19,"green","f",2013,18,500,2013-07-09
"18","19g13",19,"green","f",2013,16,420,2013-07-09
"19","19g13",19,"green","f",2013,11,219,2013-07-09
"20","19g13",19,"green","f",2013,5,63,2013-07-09
"21","19r13",19,"red","m",2013,29,608,2013-07-09
"22","19r13",19,"red","m",2013,23,557,2013-07-09
"23","19r13",19,"red","m",2013,21,538,2013-07-09
"24","19r13",19,"red","m",2013,18,540,2013-07-09
"25","19r13",19,"red","m",2013,16,401,2013-07-09
"26","19r13",19,"red","m",2013,11,220,2013-07-09
"27","19r13",19,"red","m",2013,5,63,2013-07-09
"28","23g13",23,"green","m",2013,31,405,2013-07-07
"29","23g13",23,"green","m",2013,23,410,2013-07-07
"30","23g13",23,"green","m",2013,18,270,2013-07-07
"31","23g13",23,"green","m",2013,13,262,2013-07-07
"32","23g13",23,"green","m",2013,7,91,2013-07-07
"33","23g13",23,"green","m",2013,1,34,2013-07-07
"34","23r13",23,"red","f",2013,31,620,2013-07-07
"35","23r13",23,"red","f",2013,23,606,2013-07-07
"36","23r13",23,"red","f",2013,18,403,2013-07-07
"37","23r13",23,"red","f",2013,13,352,2013-07-07
"38","23r13",23,"red","f",2013,7,121,2013-07-07
"39","23r13",23,"red","f",2013,1,37,2013-07-07
"40","28b13",28,"blue","m",2013,24,486,2013-07-14
"41","28b13",28,"blue","m",2013,18,471,2013-07-14
"42","28b13",28,"blue","m",2013,13,299,2013-07-14
"43","28b13",28,"blue","m",2013,9,168,2013-07-14
"44","28b13",28,"blue","m",2013,4,86,2013-07-14
"45","28g13",28,"green","f",2013,27,790,2013-07-11
"46","28g13",28,"green","f",2013,21,695,2013-07-11
"47","28g13",28,"green","f",2013,16,500,2013-07-11
"48","28g13",28,"green","f",2013,12,264,2013-07-11
"49","28g13",28,"green","f",2013,7,131,2013-07-11
"50","28r13",28,"red","f",2013,27,815,2013-07-11
"51","28r13",28,"red","f",2013,21,742,2013-07-11
"52","28r13",28,"red","f",2013,16,540,2013-07-11
"53","28r13",28,"red","f",2013,12,283,2013-07-11
"54","28r13",28,"red","f",2013,7,146,2013-07-11
"55","31b13",31,"blue","f",2013,25,703,2013-07-22
"56","31b13",31,"blue","f",2013,22,686,2013-07-22
"57","31b13",31,"blue","f",2013,17,542,2013-07-22
"58","31b13",31,"blue","f",2013,13,395,2013-07-22
"59","31b13",31,"blue","f",2013,8,156,2013-07-22
"60","31b13",31,"blue","f",2013,3,48,2013-07-22
"61","31g13",31,"green","f",2013,26,721,2013-07-21
"62","31g13",31,"green","f",2013,23,740,2013-07-21
"63","31g13",31,"green","f",2013,18,573,2013-07-21
"64","31g13",31,"green","f",2013,14,425,2013-07-21
"65","31g13",31,"green","f",2013,9,196,2013-07-21
"66","31g13",31,"green","f",2013,4,65,2013-07-21
"67","31r13",31,"red","f",2013,27,761,2013-07-20
"68","31r13",31,"red","f",2013,24,829,2013-07-20
"69","31r13",31,"red","f",2013,19,631,2013-07-20
"70","31r13",31,"red","f",2013,15,492,2013-07-20
"71","31r13",31,"red","f",2013,10,221,2013-07-20
"72","31r13",31,"red","f",2013,5,76,2013-07-20
"73","33b13",33,"blue","f",2013,31,766,2013-07-11
"74","33b13",33,"blue","f",2013,26,846,2013-07-11
"75","33b13",33,"blue","f",2013,23,787,2013-07-11
"76","33b13",33,"blue","f",2013,21,669,2013-07-11
"77","33b13",33,"blue","f",2013,19,585,2013-07-11
"78","33b13",33,"blue","f",2013,17,515,2013-07-11
"79","33b13",33,"blue","f",2013,14,370,2013-07-11
"80","33b13",33,"blue","f",2013,9,149,2013-07-11
"81","33b13",33,"blue","f",2013,4,67,2013-07-11
"82","33bk13",33,"black","m",2013,32,526,2013-07-10
"83","33bk13",33,"black","m",2013,27,602,2013-07-10
"84","33bk13",33,"black","m",2013,24,599,2013-07-10
"85","33bk13",33,"black","m",2013,22,543,2013-07-10
"86","33bk13",33,"black","m",2013,20,487,2013-07-10
"87","33bk13",33,"black","m",2013,18,438,2013-07-10
"88","33bk13",33,"black","m",2013,15,350,2013-07-10
"89","33bk13",33,"black","m",2013,10,125,2013-07-10
"90","33bk13",33,"black","m",2013,5,77,2013-07-10
"91","33g13",33,"green","m",2013,31,538,2013-07-11
"92","33g13",33,"green","m",2013,26,614,2013-07-11
"93","33g13",33,"green","m",2013,23,610,2013-07-11
"94","33g13",33,"green","m",2013,21,550,2013-07-11
"95","33g13",33,"green","m",2013,19,480,2013-07-11
"96","33g13",33,"green","m",2013,17,445,2013-07-11
"97","33g13",33,"green","m",2013,14,359,2013-07-11
"98","33g13",33,"green","m",2013,9,145,2013-07-11
"99","33g13",33,"green","m",2013,4,66,2013-07-11
"100","33r13",33,"red","m",2013,33,584,2013-07-09
"101","33r13",33,"red","m",2013,28,614,2013-07-09
"102","33r13",33,"red","m",2013,25,584,2013-07-09
"103","33r13",33,"red","m",2013,23,540,2013-07-09
"104","33r13",33,"red","m",2013,21,488,2013-07-09
"105","33r13",33,"red","m",2013,19,445,2013-07-09
"106","33r13",33,"red","m",2013,16,370,2013-07-09
"107","33r13",33,"red","m",2013,11,173,2013-07-09
"108","33r13",33,"red","m",2013,6,83,2013-07-09
"109","35g13",35,"green","f",2013,26,720,2013-07-19
"110","35g13",35,"green","f",2013,20,685,2013-07-19
"111","35g13",35,"green","f",2013,15,510,2013-07-19
"112","35g13",35,"green","f",2013,10,273,2013-07-19
"113","35g13",35,"green","f",2013,5,96,2013-07-19
"114","35g13",35,"green","f",2013,1,36,2013-07-19
"115","35r13",35,"red","m",2013,29,610,2013-07-16
"116","35r13",35,"red","m",2013,23,620,2013-07-16
"117","35r13",35,"red","m",2013,18,560,2013-07-16
"118","35r13",35,"red","m",2013,13,365,2013-07-16
"119","35r13",35,"red","m",2013,8,194,2013-07-16
"120","35r13",35,"red","m",2013,4,70,2013-07-16
"121","39b13",39,"blue","m",2013,27,557,2013-07-19
"122","39b13",39,"blue","m",2013,20,578,2013-07-19
"123","39b13",39,"blue","m",2013,12,346,2013-07-19
"124","39b13",39,"blue","m",2013,7,155,2013-07-19
"125","39b13",39,"blue","m",2013,2,52,2013-07-19
"126","39g13",39,"green","m",2013,31,595,2013-07-15
"127","39g13",39,"green","m",2013,24,561,2013-07-15
"128","39g13",39,"green","m",2013,16,400,2013-07-15
"129","39g13",39,"green","m",2013,11,242,2013-07-15
"130","39g13",39,"green","m",2013,6,101,2013-07-15
"131","4b13",4,"blue","m",2013,27,592,2013-07-12
"132","4b13",4,"blue","m",2013,22,520,2013-07-12
"133","4b13",4,"blue","m",2013,19,501,2013-07-12
"134","4b13",4,"blue","m",2013,16,406,2013-07-12
"135","4b13",4,"blue","m",2013,11,250,2013-07-12
"136","4b13",4,"blue","m",2013,7,123,2013-07-12
"137","4bk13",4,"black","f",2013,25,831,2013-07-14
"138","4bk13",4,"black","f",2013,20,734,2013-07-14
"139","4bk13",4,"black","f",2013,17,606,2013-07-14
"140","4bk13",4,"black","f",2013,14,470,2013-07-14
"141","4bk13",4,"black","f",2013,9,230,2013-07-14
"142","4bk13",4,"black","f",2013,5,104,2013-07-14
"143","4g13",4,"green","f",2013,26,810,2013-07-13
"144","4g13",4,"green","f",2013,21,691,2013-07-13
"145","4g13",4,"green","f",2013,18,629,2013-07-13
"146","4g13",4,"green","f",2013,15,482,2013-07-13
"147","4g13",4,"green","f",2013,10,258,2013-07-13
"148","4g13",4,"green","f",2013,6,116,2013-07-13
"149","4r13",4,"red","m",2013,24,564,2013-07-15
"150","4r13",4,"red","m",2013,19,472,2013-07-15
"151","4r13",4,"red","m",2013,16,408,2013-07-15
"152","4r13",4,"red","m",2013,13,305,2013-07-15
"153","4r13",4,"red","m",2013,8,139,2013-07-15
"154","4r13",4,"red","m",2013,4,62,2013-07-15
"155","67b13",67,"blue","f",2013,26,840,2013-07-15
"156","67b13",67,"blue","f",2013,21,785,2013-07-15
"157","67b13",67,"blue","f",2013,17,560,2013-07-15
"158","67b13",67,"blue","f",2013,12,298,2013-07-15
"159","67b13",67,"blue","f",2013,7,130,2013-07-15
"160","67b13",67,"blue","f",2013,4,86,2013-07-15
"161","67bk13",67,"black","m",2013,25,571,2013-07-17
"162","67bk13",67,"black","m",2013,19,543,2013-07-17
"163","67bk13",67,"black","m",2013,15,385,2013-07-17
"164","67bk13",67,"black","m",2013,10,225,2013-07-17
"165","67bk13",67,"black","m",2013,5,76,2013-07-17
"166","67bk13",67,"black","m",2013,2,50,2013-07-17
"167","67r13",67,"red","m",2013,27,602,2013-07-14
"168","67r13",67,"red","m",2013,22,585,2013-07-14
"169","67r13",67,"red","m",2013,19,450,2013-07-14
"170","67r13",67,"red","m",2013,13,280,2013-07-14
"171","67r13",67,"red","m",2013,8,117,2013-07-14
"172","67r13",67,"red","m",2013,5,71,2013-07-14
"173","72b13",72,"blue","f",2013,29,753,2013-07-16
"174","72b13",72,"blue","f",2013,22,664,2013-07-16
"175","72b13",72,"blue","f",2013,15,295,2013-07-16
"176","72b13",72,"blue","f",2013,8,102,2013-07-16
"177","72b13",72,"blue","f",2013,2,32,2013-07-16
"178","72bk13",72,"black","m",2013,29,566,2013-07-16
"179","72bk13",72,"black","m",2013,22,500,2013-07-16
"180","72bk13",72,"black","m",2013,15,263,2013-07-16
"181","72bk13",72,"black","m",2013,8,91,2013-07-16
"182","72bk13",72,"black","m",2013,2,31,2013-07-16
"183","72r13",72,"red","f",2013,29,793,2013-07-16
"184","72r13",72,"red","f",2013,22,640,2013-07-16
"185","72r13",72,"red","f",2013,15,258,2013-07-16
"186","72r13",72,"red","f",2013,8,91,2013-07-16
"187","72r13",72,"red","f",2013,2,36,2013-07-16
"188","75g13",75,"green","f",2013,29,830,2013-07-10
"189","75g13",75,"green","f",2013,24,790,2013-07-10
"190","75g13",75,"green","f",2013,19,592,2013-07-10
"191","75g13",75,"green","f",2013,14,336,2013-07-10
"192","75g13",75,"green","f",2013,10,190,2013-07-10
"193","75g13",75,"green","f",2013,5,60,2013-07-10
"194","75r13",75,"red","f",2013,29,875,2013-07-10
"195","75r13",75,"red","f",2013,24,840,2013-07-10
"196","75r13",75,"red","f",2013,19,647,2013-07-10
"197","75r13",75,"red","f",2013,14,368,2013-07-10
"198","75r13",75,"red","f",2013,10,213,2013-07-10
"199","75r13",75,"red","f",2013,5,69,2013-07-10
"200","79g13",79,"green","f",2013,28,853,2013-07-19
"201","79g13",79,"green","f",2013,25,858,2013-07-19
"202","79g13",79,"green","f",2013,20,685,2013-07-19
"203","79g13",79,"green","f",2013,14,481,2013-07-19
"204","79g13",79,"green","f",2013,9,226,2013-07-19
"205","79g13",79,"green","f",2013,4,68,2013-07-19
"206","79r13",79,"red","m",2013,30,653,2013-07-17
"207","79r13",79,"red","m",2013,27,645,2013-07-17
"208","79r13",79,"red","m",2013,22,570,2013-07-17
"209","79r13",79,"red","m",2013,16,481,2013-07-17
"210","79r13",79,"red","m",2013,11,269,2013-07-17
"211","79r13",79,"red","m",2013,6,107,2013-07-17
"212","79r13",79,"red","m",2013,2,42,2013-07-17
"213","7b13",7,"blue","f",2013,33,873,2013-07-11
"214","7b13",7,"blue","f",2013,27,869,2013-07-11
"215","7b13",7,"blue","f",2013,21,704,2013-07-11
"216","7b13",7,"blue","f",2013,16,428,2013-07-11
"217","7b13",7,"blue","f",2013,12,295,2013-07-11
"218","7b13",7,"blue","f",2013,8,146,2013-07-11
"219","7bk13",7,"black","f",2013,30,918,2013-07-14
"220","7bk13",7,"black","f",2013,24,878,2013-07-14
"221","7bk13",7,"black","f",2013,18,638,2013-07-14
"222","7bk13",7,"black","f",2013,13,396,2013-07-14
"223","7bk13",7,"black","f",2013,9,219,2013-07-14
"224","7bk13",7,"black","f",2013,5,101,2013-07-14
"225","7g13",7,"green","m",2013,34,653,2013-07-10
"226","7g13",7,"green","m",2013,28,658,2013-07-10
"227","7g13",7,"green","m",2013,22,572,2013-07-10
"228","7g13",7,"green","m",2013,17,403,2013-07-10
"229","7g13",7,"green","m",2013,13,293,2013-07-10
"230","7g13",7,"green","m",2013,9,164,2013-07-10
"231","7r13",7,"red","m",2013,34,650,2013-07-10
"232","7r13",7,"red","m",2013,28,660,2013-07-10
"233","7r13",7,"red","m",2013,22,584,2013-07-10
"234","7r13",7,"red","m",2013,17,428,2013-07-10
"235","7r13",7,"red","m",2013,13,298,2013-07-10
"236","7r13",7,"red","m",2013,9,178,2013-07-10
"237","85g13",85,"green","m",2013,23,490,2013-07-22
"238","85g13",85,"green","m",2013,17,435,2013-07-22
"239","85g13",85,"green","m",2013,12,295,2013-07-22
"240","85g13",85,"green","m",2013,7,123,2013-07-22
"241","85r13",85,"red","m",2013,25,553,2013-07-20
"242","85r13",85,"red","m",2013,19,535,2013-07-20
"243","85r13",85,"red","m",2013,14,385,2013-07-20
"244","85r13",85,"red","m",2013,9,179,2013-07-20
"245","8b13",8,"blue","m",2013,27,636,2013-07-16
"246","8b13",8,"blue","m",2013,21,635,2013-07-16
"247","8b13",8,"blue","m",2013,13,383,2013-07-16
"248","8b13",8,"blue","m",2013,6,135,2013-07-16
"249","8bk13",8,"black","f",2013,26,832,2013-07-17
"250","8bk13",8,"black","f",2013,20,785,2013-07-17
"251","8bk13",8,"black","f",2013,12,364,2013-07-17
"252","8bk13",8,"black","f",2013,5,96,2013-07-17
"253","8g13",8,"green","m",2013,29,630,2013-07-14
"254","8g13",8,"green","m",2013,23,628,2013-07-14
"255","8g13",8,"green","m",2013,15,425,2013-07-14
"256","8g13",8,"green","m",2013,8,182,2013-07-14
"257","8r13",8,"red","f",2013,30,920,2013-07-13
"258","8r13",8,"red","f",2013,24,867,2013-07-13
"259","8r13",8,"red","f",2013,16,550,2013-07-13
"260","8r13",8,"red","f",2013,9,218,2013-07-13
"261","130g15",130,"green","f",2015,5,75,2015-07-13
"262","130g15",130,"green","f",2015,10,210,2015-07-13
"263","130g15",130,"green","f",2015,15,409,2015-07-13
"264","130g15",130,"green","f",2015,21,727,2015-07-13
"265","130g15",130,"green","f",2015,25,872,2015-07-13
"266","130g15",130,"green","f",2015,30,817,2015-07-13
"267","4r15",4,"red","f",2015,2,29,2015-07-11
"268","4r15",4,"red","f",2015,8,97,2015-07-11
"269","4r15",4,"red","f",2015,11,227,2015-07-11
"270","4r15",4,"red","f",2015,16,451,2015-07-11
"271","4r15",4,"red","f",2015,20,626,2015-07-11
"272","4r15",4,"red","f",2015,26,718,2015-07-11
"273","4r15",4,"red","f",2015,30,778,2015-07-11
"274","8r15",8,"red","f",2015,4,51,2015-07-13
"275","8r15",8,"red","f",2015,8,156,2015-07-13
"276","8r15",8,"red","f",2015,15,422,2015-07-13
"277","8r15",8,"red","f",2015,22,708,2015-07-13
"278","8r15",8,"red","f",2015,25,848,2015-07-13
"279","8r15",8,"red","f",2015,30,891,2015-07-13
"280","30r15",30,"red","f",2015,4,58,2015-07-16
"281","30r15",30,"red","f",2015,11,233,2015-07-16
"282","30r15",30,"red","f",2015,15,390,2015-07-16
"283","30r15",30,"red","f",2015,20,559,2015-07-16
"284","30r15",30,"red","f",2015,26,753,2015-07-16
"285","30r15",30,"red","f",2015,30,864,2015-07-16
"286","1r15",1,"red","f",2015,7,98,2015-07-15
"287","1r15",1,"red","f",2015,12,263,2015-07-15
"288","1r15",1,"red","f",2015,16,417,2015-07-15
"289","1r15",1,"red","f",2015,21,605,2015-07-15
"290","1r15",1,"red","f",2015,25,645,2015-07-15
"291","1r15",1,"red","f",2015,33,863,2015-07-15
"292","33r15",33,"red","f",2015,1,33,2015-07-13
"293","33r15",33,"red","f",2015,5,88,2015-07-13
"294","33r15",33,"red","f",2015,10,237,2015-07-13
"295","33r15",33,"red","f",2015,15,440,2015-07-13
"296","33r15",33,"red","f",2015,21,727,2015-07-13
"297","33r15",33,"red","f",2015,30,781,2015-07-13
"298","89r15",89,"red","f",2015,4,56,2015-07-16
"299","89r15",89,"red","f",2015,8,159,2015-07-16
"300","89r15",89,"red","f",2015,14,415,2015-07-16
"301","89r15",89,"red","f",2015,21,697,2015-07-16
"302","89r15",89,"red","f",2015,24,729,2015-07-16
"303","89r15",89,"red","f",2015,29,811,2015-07-16
"304","19r15",19,"red","m",2015,1,29,2015-07-21
"305","19r15",19,"red","m",2015,6,86,2015-07-21
"306","19r15",19,"red","m",2015,15,288,2015-07-21
"307","19r15",19,"red","m",2015,25,576,2015-07-21
"308","19r15",19,"red","m",2015,29,598,2015-07-21
"309","67g15",67,"green","m",2015,5,74,2015-07-14
"310","67g15",67,"green","m",2015,10,200,2015-07-14
"311","67g15",67,"green","m",2015,15,346,2015-07-14
"312","67g15",67,"green","m",2015,20,446,2015-07-14
"313","67g15",67,"green","m",2015,25,506,2015-07-14
"314","67g15",67,"green","m",2015,30,474,2015-07-14
"315","12b15",12,"blue","m",2015,3,49,2015-07-10
"316","12b15",12,"blue","m",2015,7,120,2015-07-10
"317","12b15",12,"blue","m",2015,12,262,2015-07-10
"318","12b15",12,"blue","m",2015,16,425,2015-07-10
"319","12b15",12,"blue","m",2015,20,535,2015-07-10
"320","12b15",12,"blue","m",2015,26,557,2015-07-10
"321","12b15",12,"blue","m",2015,34,586,2015-07-10
"322","95g15",95,"green","m",2015,2,35,2015-07-12
"323","95g15",95,"green","m",2015,5,63,2015-07-12
"324","95g15",95,"green","m",2015,8,201,2015-07-12
"325","95g15",95,"green","m",2015,15,368,2015-07-12
"326","95g15",95,"green","m",2015,19,461,2015-07-12
"327","95g15",95,"green","m",2015,25,569,2015-07-12
"328","95g15",95,"green","m",2015,29,604,2015-07-12
"329","20r15",20,"red","m",2015,4,52,2015-07-14
"330","20r15",20,"red","m",2015,5,65,2015-07-14
"331","20r15",20,"red","m",2015,9,155,2015-07-14
"332","20r15",20,"red","m",2015,15,367,2015-07-14
"333","20r15",20,"red","m",2015,20,490,2015-07-14
"334","20r15",20,"red","m",2015,26,601,2015-07-14
"335","20r15",20,"red","m",2015,30,581,2015-07-14
"336","59r15",59,"red","m",2015,5,69,2015-07-18
"337","59r15",59,"red","m",2015,11,223,2015-07-18
"338","59r15",59,"red","m",2015,16,351,2015-07-18
"339","59r15",59,"red","m",2015,22,533,2015-07-18
"340","59r15",59,"red","m",2015,26,558,2015-07-18
"341","59r15",59,"red","m",2015,30,617,2015-07-18
"342","72r15",72,"red","m",2015,1,32,2015-07-14
"343","72r15",72,"red","m",2015,6,82,2015-07-14
"344","72r15",72,"red","m",2015,13,305,2015-07-14
"345","72r15",72,"red","m",2015,17,422,2015-07-14
"346","72r15",72,"red","m",2015,21,559,2015-07-14
"347","72r15",72,"red","m",2015,28,619,2015-07-14
"348","72r15",72,"red","m",2015,32,609,2015-07-14
"349","39r15",39,"red","m",2015,3,39,2015-07-14
"350","39r15",39,"red","m",2015,8,97,2015-07-14
"351","39r15",39,"red","m",2015,14,296,2015-07-14
"352","39r15",39,"red","m",2015,21,463,2015-07-14
"353","39r15",39,"red","m",2015,24,564,2015-07-14
"354","39r15",39,"red","m",2015,30,611,2015-07-14
"355","85r15",85,"red","m",2015,2,35,2015-07-14
"356","85r15",85,"red","m",2015,6,64,2015-07-14
"357","85r15",85,"red","m",2015,12,184,2015-07-14
"358","85r15",85,"red","m",2015,15,272,2015-07-14
"359","85r15",85,"red","m",2015,25,324,2015-07-14
"360","85r15",85,"red","m",2015,31,553,2015-07-14
"361","75r15",75,"red","m",2015,4,42,2015-07-14
"362","75r15",75,"red","m",2015,9,138,2015-07-14
"363","75r15",75,"red","m",2015,15,390,2015-07-14
"364","75r15",75,"red","m",2015,20,453,2015-07-14
"365","75r15",75,"red","m",2015,24,561,2015-07-14
"366","75r15",75,"red","m",2015,29,634,2015-07-14
"367","119r15",119,"red","m",2015,5,64,2015-07-17
"368","119r15",119,"red","m",2015,10,191,2015-07-17
"369","119r15",119,"red","m",2015,14,342,2015-07-17
"370","119r15",119,"red","m",2015,19,523,2015-07-17
"371","119r15",119,"red","m",2015,24,584,2015-07-17
"372","53r15",53,"red","u",2015,3,39,2015-07-17
"373","53r15",53,"red","u",2015,10,154,2015-07-17
"374","53r15",53,"red","u",2015,14,303,2015-07-17
"375","35r15",35,"red","u",2015,5,71,2015-07-18
"376","59g15",59,"green","f",2015,4,61,2015-07-19
"377","59g15",59,"green","f",2015,10,229,2015-07-19
"378","59g15",59,"green","f",2015,15,394,2015-07-19
"379","59g15",59,"green","f",2015,21,677,2015-07-19
"380","59g15",59,"green","f",2015,25,762,2015-07-19
"381","59g15",59,"green","f",2015,29,829,2015-07-19
"382","4g15",4,"green","m",2015,1,30,2015-07-12
"383","4g15",4,"green","m",2015,7,95,2015-07-12
"384","4g15",4,"green","m",2015,10,218,2015-07-12
"385","4g15",4,"green","m",2015,15,369,2015-07-12
"386","4g15",4,"green","m",2015,19,494,2015-07-12
"387","4g15",4,"green","m",2015,25,530,2015-07-12
"388","4g15",4,"green","m",2015,29,518,2015-07-12
"389","8g15",8,"green","m",2015,3,44,2015-07-14
"390","8g15",8,"green","m",2015,8,126,2015-07-14
"391","8g15",8,"green","m",2015,14,333,2015-07-14
"392","8g15",8,"green","m",2015,21,527,2015-07-14
"393","8g15",8,"green","m",2015,24,619,2015-07-14
"394","8g15",8,"green","m",2015,29,630,2015-07-14
"395","72g15",72,"green","m",2015,5,79,2015-07-15
"396","72g15",72,"green","m",2015,12,308,2015-07-15
"397","72g15",72,"green","m",2015,16,426,2015-07-15
"398","72g15",72,"green","m",2015,20,553,2015-07-15
"399","72g15",72,"green","m",2015,27,621,2015-07-15
"400","72g15",72,"green","m",2015,31,645,2015-07-15
"401","89g15",89,"green","m",2015,3,51,2015-07-17
"402","89g15",89,"green","m",2015,7,131,2015-07-17
"403","89g15",89,"green","m",2015,13,316,2015-07-17
"404","89g15",89,"green","m",2015,20,521,2015-07-17
"405","89g15",89,"green","m",2015,23,537,2015-07-17
"406","89g15",89,"green","m",2015,28,576,2015-07-17
"407","119g15",119,"green","m",2015,4,54,2015-07-18
"408","119g15",119,"green","m",2015,9,164,2015-07-18
"409","119g15",119,"green","m",2015,13,355,2015-07-18
"410","119g15",119,"green","m",2015,18,496,2015-07-18
"411","119g15",119,"green","m",2015,23,599,2015-07-18
"412","119g15",119,"green","m",2015,30,848,2015-07-18
"413","53g15",53,"green","u",2015,2,34,2015-07-18
"414","53g15",53,"green","u",2015,9,148,2015-07-18
"415","53g15",53,"green","u",2015,13,325,2015-07-18
"416","1g15",1,"green","u",2015,6,74,2015-07-16
"417","1g15",1,"green","u",2015,11,195,2015-07-16
"418","75g15",75,"green","u",2015,3,36,2015-07-15
"419","75g15",75,"green","u",2015,8,111,2015-07-15
"420","75g15",75,"green","u",2015,14,237,2015-07-15
"421","39g15",39,"green","f",2015,3,37,2015-07-14
"422","39g15",39,"green","f",2015,8,108,2015-07-14
"423","39g15",39,"green","f",2015,14,317,2015-07-14
"424","39g15",39,"green","f",2015,21,623,2015-07-14
"425","39g15",39,"green","f",2015,24,733,2015-07-14
"426","39g15",39,"green","f",2015,30,825,2015-07-14
"427","19g15",19,"green","m",2015,1,29,2015-07-21
"428","19g15",19,"green","m",2015,6,90,2015-07-21
"429","19g15",19,"green","m",2015,15,219,2015-07-21
"430","19g15",19,"green","m",2015,25,570,2015-07-21
"431","19g15",19,"green","m",2015,29,634,2015-07-21
"432","12r15",12,"red","m",2015,3,33,2015-07-10
"433","12r15",12,"red","m",2015,7,58,2015-07-10
"434","12r15",12,"red","m",2015,12,139,2015-07-10
"435","12r15",12,"red","m",2015,16,290,2015-07-10
"436","12r15",12,"red","m",2015,20,526,2015-07-10
"437","12r15",12,"red","m",2015,26,570,2015-07-10
"438","12r15",12,"red","m",2015,34,639,2015-07-10
"439","95r15",95,"red","m",2015,2,34,2015-07-12
"440","95r15",95,"red","m",2015,5,72,2015-07-12
"441","95r15",95,"red","m",2015,8,204,2015-07-12
"442","95r15",95,"red","m",2015,15,362,2015-07-12
"443","95r15",95,"red","m",2015,19,489,2015-07-12
"444","95r15",95,"red","m",2015,25,598,2015-07-12
"445","95r15",95,"red","m",2015,29,581,2015-07-12
"446","20b15",20,"blue","m",2015,4,47,2015-07-14
"447","20b15",20,"blue","m",2015,5,52,2015-07-14
"448","20b15",20,"blue","m",2015,9,129,2015-07-14
"449","20b15",20,"blue","m",2015,15,324,2015-07-14
"450","20b15",20,"blue","m",2015,20,465,2015-07-14
"451","20b15",20,"blue","m",2015,26,589,2015-07-14
"452","20b15",20,"blue","m",2015,30,578,2015-07-14
"453","30g15",30,"green","m",2015,4,53,2015-07-16
"454","30g15",30,"green","m",2015,11,193,2015-07-16
"455","30g15",30,"green","m",2015,15,300,2015-07-16
"456","30g15",30,"green","m",2015,20,397,2015-07-16
"457","30g15",30,"green","m",2015,26,524,2015-07-16
"458","30g15",30,"green","m",2015,30,569,2015-07-16
"459","85g15",85,"green","m",2015,2,35,2015-07-14
"460","85g15",85,"green","m",2015,6,59,2015-07-14
"461","85g15",85,"green","m",2015,12,150,2015-07-14
"462","85g15",85,"green","m",2015,15,230,2015-07-14
"463","85g15",85,"green","m",2015,21,350,2015-07-14
"464","85g15",85,"green","m",2015,25,325,2015-07-14
"465","85g15",85,"green","m",2015,31,447,2015-07-14
"466","33g15",33,"green","m",2015,1,33,2015-07-13
"467","33g15",33,"green","m",2015,5,79,2015-07-13
"468","33g15",33,"green","m",2015,10,208,2015-07-13
"469","33g15",33,"green","m",2015,15,374,2015-07-13
"470","33g15",33,"green","m",2015,21,510,2015-07-13
"471","33g15",33,"green","m",2015,30,560,2015-07-13
"472","130r15",130,"red","u",2015,5,73,2015-07-13
"473","67r15",67,"red","u",2015,5,71,2015-07-14
"474","67r15",67,"red","u",2015,10,175,2015-07-14
"475","35g15",35,"green","u",2015,5,64,2015-07-18
"476","35g15",35,"green","u",2015,10,147,2015-07-18
"477","75b15",75,"blue","u",2015,1,31,2015-07-17
"478","75b15",75,"blue","u",2015,6,98,2015-07-17
"479","85b15",85,"blue","u",2015,3,33,2015-07-17
"480","85b15",85,"blue","u",2015,9,51,2015-07-17
"481","4b15",4,"blue","f",2015,6,56,2015-07-13
"482","4b15",4,"blue","f",2015,9,147,2015-07-13
"483","4b15",4,"blue","f",2015,14,333,2015-07-13
"484","4b15",4,"blue","f",2015,18,545,2015-07-13
"485","4b15",4,"blue","f",2015,18,662,2015-07-13
"486","4b15",4,"blue","f",2015,18,662,2015-07-13
"487","59b15",59,"blue","f",2015,3,51,2015-07-20
"488","59b15",59,"blue","f",2015,9,206,2015-07-20
"489","59b15",59,"blue","f",2015,14,331,2015-07-20
"490","59b15",59,"blue","f",2015,20,632,2015-07-20
"491","59b15",59,"blue","f",2015,24,718,2015-07-20
"492","59b15",59,"blue","f",2015,28,828,2015-07-20
"493","72b15",72,"blue","f",2015,4,66,2015-07-16
"494","72b15",72,"blue","f",2015,11,316,2015-07-16
"495","72b15",72,"blue","f",2015,15,459,2015-07-16
"496","72b15",72,"blue","f",2015,19,655,2015-07-16
"497","72b15",72,"blue","f",2015,26,807,2015-07-16
"498","72b15",72,"blue","f",2015,30,854,2015-07-16
"499","95b15",95,"blue","m",2015,3,46,2015-07-14
"500","95b15",95,"blue","m",2015,6,153,2015-07-14
"501","95b15",95,"blue","m",2015,13,307,2015-07-14
"502","95b15",95,"blue","m",2015,17,417,2015-07-14
"503","95b15",95,"blue","m",2015,23,599,2015-07-14
"504","95b15",95,"blue","m",2015,27,580,2015-07-14
"505","53b15",53,"blue","u",2015,8,102,2015-07-19
"506","53b15",53,"blue","u",2015,12,228,2015-07-19
"507","30b15",30,"blue","u",2015,2,37,2015-07-18
"508","30b15",30,"blue","u",2015,9,139,2015-07-18
"509","30b15",30,"blue","u",2015,13,235,2015-07-18
"510","30b15",30,"blue","u",2015,18,239,2015-07-18
"511","1b15",1,"blue","u",2015,5,49,2015-07-17
"512","1b15",1,"blue","u",2015,10,139,2015-07-17
"513","8b15",8,"blue","m",2015,3,43,2015-07-14
"514","8b15",8,"blue","m",2015,8,127,2015-07-14
"515","8b15",8,"blue","m",2015,14,353,2015-07-14
"516","8b15",8,"blue","m",2015,21,552,2015-07-14
"517","8b15",8,"blue","m",2015,21,621,2015-07-14
"518","8b15",8,"blue","m",2015,21,628,2015-07-14
"519","12g15",12,"green","m",2015,2,33,2015-07-11
"520","12g15",12,"green","m",2015,6,58,2015-07-11
"521","12g15",12,"green","m",2015,11,139,2015-07-11
"522","12g15",12,"green","m",2015,15,290,2015-07-11
"523","12g15",12,"green","m",2015,19,467,2015-07-11
"524","12g15",12,"green","m",2015,25,582,2015-07-11
"525","12g15",12,"green","m",2015,33,558,2015-07-11
"526","20g15",20,"green","m",2015,3,37,2015-07-15
"527","20g15",20,"green","m",2015,4,44,2015-07-15
"528","20g15",20,"green","m",2015,8,113,2015-07-15
"529","20g15",20,"green","m",2015,14,299,2015-07-15
"530","20g15",20,"green","m",2015,19,435,2015-07-15
"531","20g15",20,"green","m",2015,25,588,2015-07-15
"532","20g15",20,"green","m",2015,29,570,2015-07-15
"533","39b15",39,"blue","m",2015,2,32,2015-07-15
"534","39b15",39,"blue","m",2015,7,68,2015-07-15
"535","39b15",39,"blue","m",2015,13,201,2015-07-15
"536","39b15",39,"blue","m",2015,20,396,2015-07-15
"537","39b15",39,"blue","m",2015,23,574,2015-07-15
"538","39b15",39,"blue","m",2015,29,695,2015-07-15
"539","130b15",130,"blue","m",2015,5,68,2015-07-13
"540","130b15",130,"blue","m",2015,10,201,2015-07-13
"541","130b15",130,"blue","m",2015,15,466,2015-07-13
"542","130b15",130,"blue","m",2015,21,557,2015-07-13
"543","130b15",130,"blue","m",2015,25,655,2015-07-13
"544","130b15",130,"blue","m",2015,30,586,2015-07-13
"545","19b15",19,"blue","m",2015,1,28,2015-07-21
"546","19b15",19,"blue","m",2015,6,88,2015-07-21
"547","19b15",19,"blue","m",2015,15,262,2015-07-21
"548","19b15",19,"blue","m",2015,25,548,2015-07-21
"549","19b15",19,"blue","m",2015,29,592,2015-07-21
"550","67b15",67,"blue","u",2015,5,64,2015-07-14
"551","67b15",67,"blue","u",2015,10,140,2015-07-14
"552","35b15",35,"blue","u",2015,5,60,2015-07-18
"553","53bk15",53,"black","u",2015,5,70,2015-07-22
"554","53bk15",53,"black","u",2015,9,166,2015-07-22
"555","130bk15",130,"black","m",2015,3,30,2015-07-15
"556","130bk15",130,"black","m",2015,8,59,2015-07-15
"557","130bk15",130,"black","m",2015,13,184,2015-07-15
"558","130bk15",130,"black","m",2015,19,378,2015-07-15
"559","130bk15",130,"black","m",2015,23,552,2015-07-15
"560","130bk15",130,"black","m",2015,28,514,2015-07-15
"561","67bk15",67,"black","u",2015,4,47,2015-07-15
"562","19bk15",19,"black","unk",2015,6,44,2015-07-21
"563","35bk15",35,"black","u",2015,2,30,2015-07-18
"564","1r16",1,"red","m",2016,2,47,2016-07-16
"565","1r16",1,"red","m",2016,8,169,2016-07-22
"566","1r16",1,"red","m",2016,13,374,2016-07-27
"567","1r16",1,"red","m",2016,18,500,2016-07-01
"568","1r16",1,"red","m",2016,23,424,2016-07-06
"569","1r16",1,"red","m",2016,28,567,2016-07-11
"570","1b16",1,"blue","m",2016,2,46,NA
"571","1b16",1,"blue","m",2016,8,182,NA
"572","1b16",1,"blue","m",2016,13,388,NA
"573","1b16",1,"blue","m",2016,18,530,NA
"574","1b16",1,"blue","m",2016,23,447,NA
"575","1b16",1,"blue","m",2016,28,560,NA
"576","1g16",1,"green","m",2016,1,36,NA
"577","1g16",1,"green","m",2016,7,142,NA
"578","1g16",1,"green","m",2016,12,323,NA
"579","1g16",1,"green","m",2016,17,480,NA
"580","1g16",1,"green","m",2016,22,402,NA
"581","1g16",1,"green","m",2016,27,431,NA
"582","3r16",3,"red","f",2016,4,70,NA
"583","3r16",3,"red","f",2016,9,189,NA
"584","3r16",3,"red","f",2016,14,370,NA
"585","3r16",3,"red","f",2016,19,538,NA
"586","3r16",3,"red","f",2016,23,650,NA
"587","3r16",3,"red","f",2016,28,758,NA
"588","4r16",4,"red","f",2016,5,96,NA
"589","4r16",4,"red","f",2016,10,270,NA
"590","4r16",4,"red","f",2016,15,534,NA
"591","4r16",4,"red","f",2016,21,691,NA
"592","4r16",4,"red","f",2016,26,779,NA
"593","4r16",4,"red","f",2016,31,761,NA
"594","4b16",4,"blue","m",2016,3,47,NA
"595","4b16",4,"blue","m",2016,8,145,NA
"596","4b16",4,"blue","m",2016,13,327,NA
"597","4b16",4,"blue","m",2016,19,451,NA
"598","4b16",4,"blue","m",2016,24,532,NA
"599","4b16",4,"blue","m",2016,29,519,NA
"600","8r16",8,"red","f",2016,7,169,NA
"601","8r16",8,"red","f",2016,11,338,NA
"602","8r16",8,"red","f",2016,17,601,NA
"603","8r16",8,"red","f",2016,21,748,NA
"604","8r16",8,"red","f",2016,28,812,NA
"605","8r16",8,"red","f",2016,31,873,NA
"606","8b16",8,"blue","f",2016,6,141,NA
"607","8b16",8,"blue","f",2016,10,286,NA
"608","8b16",8,"blue","f",2016,16,536,NA
"609","8b16",8,"blue","f",2016,20,660,NA
"610","8b16",8,"blue","f",2016,27,772,NA
"611","8b16",8,"blue","f",2016,30,741,NA
"612","8g16",8,"green","f",2016,6,144,NA
"613","8g16",8,"green","f",2016,10,299,NA
"614","8g16",8,"green","f",2016,16,547,NA
"615","8g16",8,"green","f",2016,20,680,NA
"616","8g16",8,"green","f",2016,27,803,NA
"617","8g16",8,"green","f",2016,30,910,NA
"618","15r16",15,"red","m",2016,5,94,NA
"619","15r16",15,"red","m",2016,10,231,NA
"620","15r16",15,"red","m",2016,15,388,NA
"621","15r16",15,"red","m",2016,20,519,NA
"622","15r16",15,"red","m",2016,26,447,NA
"623","15r16",15,"red","m",2016,30,402,NA
"624","15b16",15,"blue","f",2016,5,84,NA
"625","15b16",15,"blue","f",2016,10,235,NA
"626","15b16",15,"blue","f",2016,15,444,NA
"627","15b16",15,"blue","f",2016,20,649,NA
"628","15b16",15,"blue","f",2016,26,592,NA
"629","15b16",15,"blue","f",2016,30,479,NA
"630","19r16",19,"red","m",2016,1,44,NA
"631","19r16",19,"red","m",2016,6,129,NA
"632","19r16",19,"red","m",2016,11,283,NA
"633","19r16",19,"red","m",2016,17,395,NA
"634","19r16",19,"red","m",2016,21,537,NA
"635","19r16",19,"red","m",2016,26,596,NA
"636","19r16",19,"red","m",2016,31,607,NA
"637","23r16",23,"red","f",2016,4,92,NA
"638","23r16",23,"red","f",2016,9,246,NA
"639","23r16",23,"red","f",2016,14,500,NA
"640","23r16",23,"red","f",2016,19,644,NA
"641","23r16",23,"red","f",2016,23,714,NA
"642","23r16",23,"red","f",2016,28,815,NA
"643","23b16",23,"blue","f",2016,4,81,NA
"644","23b16",23,"blue","f",2016,9,231,NA
"645","23b16",23,"blue","f",2016,14,412,NA
"646","23b16",23,"blue","f",2016,19,613,NA
"647","23b16",23,"blue","f",2016,23,738,NA
"648","23b16",23,"blue","f",2016,28,805,NA
"649","23g16",23,"green","f",2016,2,58,NA
"650","23g16",23,"green","f",2016,7,170,NA
"651","23g16",23,"green","f",2016,12,375,NA
"652","23g16",23,"green","f",2016,17,560,NA
"653","23g16",23,"green","f",2016,21,665,NA
"654","23g16",23,"green","f",2016,26,786,NA
"655","31r16",31,"red","f",2016,4,79,NA
"656","31r16",31,"red","f",2016,9,207,NA
"657","31r16",31,"red","f",2016,15,300,NA
"658","31r16",31,"red","f",2016,19,417,NA
"659","31r16",31,"red","f",2016,25,511,NA
"660","31r16",31,"red","f",2016,30,600,NA
"661","31b16",31,"blue","f",2016,4,69,NA
"662","31b16",31,"blue","f",2016,9,180,NA
"663","31b16",31,"blue","f",2016,15,278,NA
"664","31b16",31,"blue","f",2016,19,393,NA
"665","31b16",31,"blue","f",2016,25,521,NA
"666","31b16",31,"blue","f",2016,30,610,NA
"667","41r16",41,"red","m",2016,5,86,NA
"668","41r16",41,"red","m",2016,10,202,NA
"669","41r16",41,"red","m",2016,15,409,NA
"670","41r16",41,"red","m",2016,20,496,NA
"671","41r16",41,"red","m",2016,24,546,NA
"672","41r16",41,"red","m",2016,29,621,NA
"673","41b16",41,"blue","f",2016,4,62,NA
"674","41b16",41,"blue","f",2016,9,158,NA
"675","41b16",41,"blue","f",2016,14,417,NA
"676","41b16",41,"blue","f",2016,19,518,NA
"677","41b16",41,"blue","f",2016,23,656,NA
"678","41b16",41,"blue","f",2016,28,743,NA
"679","41g16",41,"green","f",2016,3,49,NA
"680","41g16",41,"green","f",2016,8,139,NA
"681","41g16",41,"green","f",2016,13,335,NA
"682","41g16",41,"green","f",2016,18,407,NA
"683","41g16",41,"green","f",2016,22,476,NA
"684","41g16",41,"green","f",2016,27,557,NA
"685","51r16",51,"red","m",2016,3,59,NA
"686","51r16",51,"red","m",2016,8,146,NA
"687","51r16",51,"red","m",2016,13,311,NA
"688","51r16",51,"red","m",2016,19,433,NA
"689","51r16",51,"red","m",2016,23,550,NA
"690","51r16",51,"red","m",2016,27,569,NA
"691","51b16",51,"blue","m",2016,3,59,NA
"692","51b16",51,"blue","m",2016,8,154,NA
"693","51b16",51,"blue","m",2016,13,304,NA
"694","51b16",51,"blue","m",2016,19,444,NA
"695","51b16",51,"blue","m",2016,23,543,NA
"696","51b16",51,"blue","m",2016,27,548,NA
"697","51g16",51,"green","f",2016,3,51,NA
"698","51g16",51,"green","f",2016,8,170,NA
"699","51g16",51,"green","f",2016,13,370,NA
"700","51g16",51,"green","f",2016,19,600,NA
"701","51g16",51,"green","f",2016,23,795,NA
"702","51g16",51,"green","f",2016,27,788,NA
"703","51bk16",51,"black","m",2016,2,40,NA
"704","51bk16",51,"black","m",2016,7,100,NA
"705","51bk16",51,"black","m",2016,12,211,NA
"706","51bk16",51,"black","m",2016,18,315,NA
"707","51bk16",51,"black","m",2016,22,455,NA
"708","51bk16",51,"black","m",2016,27,493,NA
"709","53r16",53,"red","f",2016,6,121,NA
"710","53r16",53,"red","f",2016,11,346,NA
"711","53r16",53,"red","f",2016,16,580,NA
"712","53r16",53,"red","f",2016,21,613,NA
"713","53r16",53,"red","f",2016,27,770,NA
"714","53r16",53,"red","f",2016,31,825,NA
"715","53b16",53,"blue","f",2016,6,109,NA
"716","53b16",53,"blue","f",2016,11,327,NA
"717","53b16",53,"blue","f",2016,16,585,NA
"718","53b16",53,"blue","f",2016,21,608,NA
"719","53b16",53,"blue","f",2016,27,799,NA
"720","53b16",53,"blue","f",2016,31,858,NA
"721","53g16",53,"green","m",2016,5,83,NA
"722","53g16",53,"green","m",2016,10,247,NA
"723","53g16",53,"green","m",2016,15,421,NA
"724","53g16",53,"green","m",2016,20,471,NA
"725","53g16",53,"green","m",2016,26,604,NA
"726","53g16",53,"green","m",2016,30,665,NA
"727","53bk16",53,"black","m",2016,3,48,NA
"728","53bk16",53,"black","m",2016,8,141,NA
"729","53bk16",53,"black","m",2016,12,304,NA
"730","53bk16",53,"black","m",2016,17,371,NA
"731","53bk16",53,"black","m",2016,23,510,NA
"732","53bk16",53,"black","m",2016,27,576,NA
"733","58r16",58,"red","f",2016,1,41,NA
"734","58r16",58,"red","f",2016,6,136,NA
"735","58r16",58,"red","f",2016,11,346,NA
"736","58r16",58,"red","f",2016,17,578,NA
"737","58r16",58,"red","f",2016,21,560,NA
"738","58r16",58,"red","f",2016,26,766,NA
"739","58r16",58,"red","f",2016,31,633,NA
"740","58g16",58,"green","f",2016,1,33,NA
"741","58g16",58,"green","f",2016,5,99,NA
"742","58g16",58,"green","f",2016,10,296,NA
"743","58g16",58,"green","f",2016,16,566,NA
"744","58g16",58,"green","f",2016,20,600,NA
"745","58g16",58,"green","f",2016,25,826,NA
"746","58g16",58,"green","f",2016,30,678,NA
"747","59r16",59,"red","m",2016,6,184,NA
"748","59r16",59,"red","m",2016,9,284,NA
"749","59r16",59,"red","m",2016,14,441,NA
"750","59r16",59,"red","m",2016,20,525,NA
"751","59r16",59,"red","m",2016,24,730,NA
"752","59r16",59,"red","m",2016,29,516,NA
"753","59g16",59,"green","m",2016,6,108,NA
"754","59g16",59,"green","m",2016,9,201,NA
"755","59g16",59,"green","m",2016,14,388,NA
"756","59g16",59,"green","m",2016,20,503,NA
"757","59g16",59,"green","m",2016,24,601,NA
"758","59g16",59,"green","m",2016,29,603,NA
"759","59b16",59,"blue","m",2016,7,177,NA
"760","59b16",59,"blue","m",2016,10,271,NA
"761","59b16",59,"blue","m",2016,15,438,NA
"762","59b16",59,"blue","m",2016,21,548,NA
"763","59b16",59,"blue","m",2016,25,594,NA
"764","59b16",59,"blue","m",2016,30,611,NA
"765","63r16",63,"red","m",2016,1,33,NA
"766","63r16",63,"red","m",2016,5,104,NA
"767","63r16",63,"red","m",2016,10,232,NA
"768","63r16",63,"red","m",2016,15,405,NA
"769","63r16",63,"red","m",2016,20,532,NA
"770","63r16",63,"red","m",2016,25,580,NA
"771","63r16",63,"red","m",2016,30,614,NA
"772","63b16",63,"blue","m",2016,1,38,NA
"773","63b16",63,"blue","m",2016,6,113,NA
"774","63b16",63,"blue","m",2016,11,250,NA
"775","63b16",63,"blue","m",2016,16,420,NA
"776","63b16",63,"blue","m",2016,21,526,NA
"777","63b16",63,"blue","m",2016,26,607,NA
"778","63b16",63,"blue","m",2016,31,616,NA
"779","75r16",75,"red","m",2016,4,73,NA
"780","75r16",75,"red","m",2016,9,214,NA
"781","75r16",75,"red","m",2016,14,379,NA
"782","75r16",75,"red","m",2016,19,538,NA
"783","75r16",75,"red","m",2016,24,584,NA
"784","75r16",75,"red","m",2016,29,639,NA
"785","75g16",75,"green","m",2016,3,63,NA
"786","75g16",75,"green","m",2016,8,174,NA
"787","75g16",75,"green","m",2016,13,331,NA
"788","75g16",75,"green","m",2016,18,500,NA
"789","75g16",75,"green","m",2016,23,508,NA
"790","75g16",75,"green","m",2016,28,565,NA
"791","77b16",77,"blue","f",2016,5,110,NA
"792","77b16",77,"blue","f",2016,10,273,NA
"793","77b16",77,"blue","f",2016,15,500,NA
"794","77b16",77,"blue","f",2016,20,558,NA
"795","77b16",77,"blue","f",2016,25,682,NA
"796","77b16",77,"blue","f",2016,30,808,NA
"797","78r16",78,"red","f",2016,5,124,NA
"798","78r16",78,"red","f",2016,10,327,NA
"799","78r16",78,"red","f",2016,15,500,NA
"800","78r16",78,"red","f",2016,20,609,NA
"801","78r16",78,"red","f",2016,25,641,NA
"802","78r16",78,"red","f",2016,30,810,NA
"803","89r16",89,"red","f",2016,5,90,NA
"804","89r16",89,"red","f",2016,10,248,NA
"805","89r16",89,"red","f",2016,20,683,NA
"806","89r16",89,"red","f",2016,25,785,NA
"807","89r16",89,"red","f",2016,30,795,NA
"808","89b16",89,"blue","m",2016,4,64,NA
"809","89b16",89,"blue","m",2016,9,186,NA
"810","89b16",89,"blue","m",2016,19,503,NA
"811","89b16",89,"blue","m",2016,24,621,NA
"812","89b16",89,"blue","m",2016,29,600,NA
"813","97r16",97,"red","f",2016,2,68,NA
"814","97r16",97,"red","f",2016,7,194,NA
"815","97r16",97,"red","f",2016,12,457,NA
"816","97r16",97,"red","f",2016,21,790,NA
"817","97r16",97,"red","f",2016,26,897,NA
"818","97r16",97,"red","f",2016,31,843,NA
"819","97b16",97,"blue","m",2016,2,60,NA
"820","97b16",97,"blue","m",2016,7,174,NA
"821","97b16",97,"blue","m",2016,12,375,NA
"822","97b16",97,"blue","m",2016,21,560,NA
"823","97b16",97,"blue","m",2016,26,591,NA
"824","97b16",97,"blue","m",2016,31,603,NA
"825","97g16",97,"green","m",2016,1,40,NA
"826","97g16",97,"green","m",2016,6,126,NA
"827","97g16",97,"green","m",2016,11,280,NA
"828","97g16",97,"green","m",2016,20,553,NA
"829","97g16",97,"green","m",2016,25,574,NA
"830","97g16",97,"green","m",2016,30,600,NA
"831","100r16",100,"red","f",2016,8,203,NA
"832","100r16",100,"red","f",2016,14,389,NA
"833","100r16",100,"red","f",2016,18,607,NA
"834","100r16",100,"red","f",2016,23,740,NA
"835","100r16",100,"red","f",2016,29,780,NA
"836","100r16",100,"red","f",2016,35,852,NA
"837","100b16",100,"blue","f",2016,8,175,NA
"838","100b16",100,"blue","f",2016,14,365,NA
"839","100b16",100,"blue","f",2016,18,611,NA
"840","100b16",100,"blue","f",2016,23,726,NA
"841","100b16",100,"blue","f",2016,29,755,NA
"842","100b16",100,"blue","f",2016,35,824,NA
"843","110r16",110,"red","f",2016,5,117,NA
"844","110r16",110,"red","f",2016,10,301,NA
"845","110r16",110,"red","f",2016,15,560,NA
"846","110r16",110,"red","f",2016,20,684,NA
"847","110r16",110,"red","f",2016,25,899,NA
"848","110r16",110,"red","f",2016,30,864,NA
"849","110b16",110,"blue","f",2016,5,107,NA
"850","110b16",110,"blue","f",2016,10,280,NA
"851","110b16",110,"blue","f",2016,15,513,NA
"852","110b16",110,"blue","f",2016,20,664,NA
"853","110b16",110,"blue","f",2016,25,836,NA
"854","110b16",110,"blue","f",2016,30,850,NA
"855","12b17",12,"blue","f",2017,2,51.2,NA
"856","12b17",12,"blue","f",2017,7,178,NA
"857","12b17",12,"blue","f",2017,13,478,NA
"858","12b17",12,"blue","f",2017,17,650,NA
"859","12b17",12,"blue","f",2017,23,842,NA
"860","12g17",12,"green","f",2017,1,37.8,NA
"861","12g17",12,"green","f",2017,6,126,NA
"862","12g17",12,"green","f",2017,12,382,NA
"863","12g17",12,"green","f",2017,16,564,NA
"864","12g17",12,"green","f",2017,22,832,NA
"865","18b17",18,"blue","f",2017,3,55,NA
"866","18b17",18,"blue","f",2017,8,195,NA
"867","18b17",18,"blue","f",2017,13,391,NA
"868","18b17",18,"blue","f",2017,17,579,NA
"869","18b17",18,"blue","f",2017,23,764,NA
"870","18b17",18,"blue","f",2017,29,809,NA
"871","18g17",18,"green","m",2017,1,31,NA
"872","18g17",18,"green","m",2017,6,74,NA
"873","18g17",18,"green","m",2017,11,193,NA
"874","18g17",18,"green","m",2017,15,349,NA
"875","18g17",18,"green","m",2017,21,568,NA
"876","18g17",18,"green","m",2017,27,545,NA
"877","18r17",18,"red","f",2017,3,66,NA
"878","18r17",18,"red","f",2017,8,213,NA
"879","18r17",18,"red","f",2017,13,451,NA
"880","18r17",18,"red","f",2017,17,659,NA
"881","18r17",18,"red","f",2017,23,878,NA
"882","18r17",18,"red","f",2017,29,879,NA
"883","19r17",19,"red","f",2017,9,234,NA
"884","19r17",19,"red","f",2017,15,499,NA
"885","19r17",19,"red","f",2017,19,728,NA
"886","19r17",19,"red","f",2017,24,872,NA
"887","19r17",19,"red","f",2017,29,953,NA
"888","1g17",1,"green","m",2017,2,50,NA
"889","1g17",1,"green","m",2017,6,127,NA
"890","1g17",1,"green","m",2017,10,254,NA
"891","1g17",1,"green","m",2017,16,454,NA
"892","1g17",1,"green","m",2017,21,544,NA
"893","1g17",1,"green","m",2017,26,606,NA
"894","1r17",1,"red","f",2017,3,63,NA
"895","1r17",1,"red","f",2017,7,165,NA
"896","1r17",1,"red","f",2017,11,333,NA
"897","1r17",1,"red","f",2017,17,654,NA
"898","1r17",1,"red","f",2017,22,796,NA
"899","1r17",1,"red","f",2017,27,890,NA
"900","22b17",22,"blue","f",2017,2,50,NA
"901","22b17",22,"blue","f",2017,12,393,NA
"902","22b17",22,"blue","f",2017,18,685,NA
"903","22b17",22,"blue","f",2017,22,752,NA
"904","22b17",22,"blue","f",2017,27,862,NA
"905","22g17",22,"green","m",2017,1,37,NA
"906","22g17",22,"green","m",2017,11,256,NA
"907","22g17",22,"green","m",2017,17,464,NA
"908","22g17",22,"green","m",2017,21,505,NA
"909","22g17",22,"green","m",2017,26,565,NA
"910","22r17",22,"red","m",2017,4,60,NA
"911","22r17",22,"red","m",2017,14,350,NA
"912","22r17",22,"red","m",2017,20,560,NA
"913","22r17",22,"red","m",2017,24,579,NA
"914","22r17",22,"red","m",2017,29,652,NA
"915","23r17",23,"red","f",2017,9,158,NA
"916","23r17",23,"red","f",2017,15,430,NA
"917","23r17",23,"red","f",2017,19,608,NA
"918","23r17",23,"red","f",2017,24,825,NA
"919","23r17",23,"red","f",2017,29,861,NA
"920","30b17",30,"blue",NA,2017,5,78,NA
"921","30b17",30,"blue",NA,2017,10,219,NA
"922","30b17",30,"blue",NA,2017,15,488,NA
"923","30b17",30,"blue",NA,2017,20,599,NA
"924","30b17",30,"blue",NA,2017,25,728,NA
"925","30b17",30,"blue",NA,2017,31,899,NA
"926","30g17",30,"green",NA,2017,4,54,NA
"927","30g17",30,"green",NA,2017,9,138,NA
"928","30g17",30,"green",NA,2017,14,328,NA
"929","30g17",30,"green",NA,2017,19,386,NA
"930","30g17",30,"green",NA,2017,24,480,NA
"931","30g17",30,"green",NA,2017,30,546,NA
"932","30r17",30,"red",NA,2017,5,79,NA
"933","30r17",30,"red",NA,2017,10,209,NA
"934","30r17",30,"red",NA,2017,15,468,NA
"935","30r17",30,"red",NA,2017,20,586,NA
"936","30r17",30,"red",NA,2017,25,735,NA
"937","30r17",30,"red",NA,2017,31,878,NA
"938","31b17",31,"blue",NA,2017,3,51,NA
"939","31b17",31,"blue",NA,2017,8,173,NA
"940","31b17",31,"blue",NA,2017,12,298,NA
"941","31g17",31,"green",NA,2017,1,26,NA
"942","31g17",31,"green",NA,2017,6,46,NA
"943","31g17",31,"green",NA,2017,10,84,NA
"944","31r17",31,"red",NA,2017,4,59,NA
"945","31r17",31,"red",NA,2017,9,194,NA
"946","31r17",31,"red",NA,2017,13,367,NA
"947","33b17",33,"blue",NA,2017,4,65,NA
"948","33b17",33,"blue",NA,2017,9,166,NA
"949","33b17",33,"blue",NA,2017,14,340,NA
"950","33b17",33,"blue",NA,2017,18,490,NA
"951","33b17",33,"blue",NA,2017,24,602,NA
"952","33b17",33,"blue",NA,2017,29,572,NA
"953","33bk17",33,"black",NA,2017,2,40.6,NA
"954","33bk17",33,"black",NA,2017,7,118,NA
"955","33bk17",33,"black",NA,2017,12,272,NA
"956","33bk17",33,"black",NA,2017,16,418,NA
"957","33bk17",33,"black",NA,2017,22,567,NA
"958","33bk17",33,"black",NA,2017,27,568,NA
"959","33g17",33,"green",NA,2017,4,61.6,NA
"960","33g17",33,"green",NA,2017,9,162,NA
"961","33g17",33,"green",NA,2017,14,320,NA
"962","33g17",33,"green",NA,2017,18,472,NA
"963","33g17",33,"green",NA,2017,24,616,NA
"964","33g17",33,"green",NA,2017,29,570,NA
"965","33r17",33,"red",NA,2017,4,66,NA
"966","33r17",33,"red",NA,2017,9,184,NA
"967","33r17",33,"red",NA,2017,14,362,NA
"968","33r17",33,"red",NA,2017,18,526,NA
"969","33r17",33,"red",NA,2017,24,626,NA
"970","33r17",33,"red",NA,2017,29,625,NA
"971","51b17",51,"blue",NA,2017,3,50,NA
"972","51b17",51,"blue",NA,2017,8,126,NA
"973","51b17",51,"blue",NA,2017,13,256,NA
"974","51b17",51,"blue",NA,2017,18,313,NA
"975","51g17",51,"green",NA,2017,3,35,NA
"976","51g17",51,"green",NA,2017,8,81,NA
"977","51g17",51,"green",NA,2017,13,146,NA
"978","51r17",51,"red",NA,2017,3,60,NA
"979","51r17",51,"red",NA,2017,8,165,NA
"980","51r17",51,"red",NA,2017,13,321,NA
"981","51r17",51,"red",NA,2017,18,487,NA
"982","51r17",51,"red",NA,2017,23,619,NA
"983","51r17",51,"red",NA,2017,27,660,NA
"984","51r17",51,"red",NA,2017,33,801,NA
"985","58b17",58,"blue",NA,2017,2,54,NA
"986","58b17",58,"blue",NA,2017,9,270,NA
"987","58b17",58,"blue",NA,2017,14,539,NA
"988","58b17",58,"blue",NA,2017,18,674,NA
"989","58b17",58,"blue",NA,2017,23,814,NA
"990","58b17",58,"blue",NA,2017,30,895,NA
"991","58bk17",58,"black",NA,2017,1,39,NA
"992","58bk17",58,"black",NA,2017,8,222,NA
"993","58bk17",58,"black",NA,2017,13,447,NA
"994","58bk17",58,"black",NA,2017,17,624,NA
"995","58bk17",58,"black",NA,2017,22,745,NA
"996","58bk17",58,"black",NA,2017,29,795,NA
"997","58g17",58,"green",NA,2017,2,42,NA
"998","58g17",58,"green",NA,2017,9,214,NA
"999","58g17",58,"green",NA,2017,14,395,NA
"1000","58g17",58,"green",NA,2017,18,505,NA
"1001","58g17",58,"green",NA,2017,23,555,NA
"1002","58g17",58,"green",NA,2017,30,534,NA
"1003","58r17",58,"red",NA,2017,2,55,NA
"1004","58r17",58,"red",NA,2017,9,239,NA
"1005","58r17",58,"red",NA,2017,14,426,NA
"1006","58r17",58,"red",NA,2017,18,531,NA
"1007","58r17",58,"red",NA,2017,23,570,NA
"1008","58r17",58,"red",NA,2017,30,583,NA
"1009","59b17",59,"blue",NA,2017,3,62,NA
"1010","59b17",59,"blue",NA,2017,7,154,NA
"1011","59b17",59,"blue",NA,2017,13,344,NA
"1012","59b17",59,"blue",NA,2017,18,490,NA
"1013","59b17",59,"blue",NA,2017,23,573,NA
"1014","59b17",59,"blue",NA,2017,30,NA,NA
"1015","59bk17",59,"black",NA,2017,3,60,NA
"1016","59bk17",59,"black",NA,2017,7,162,NA
"1017","59bk17",59,"black",NA,2017,13,419,NA
"1018","59bk17",59,"black",NA,2017,18,616,NA
"1019","59bk17",59,"black",NA,2017,23,749,NA
"1020","59bk17",59,"black",NA,2017,30,778,NA
"1021","59g17",59,"green",NA,2017,3,62,NA
"1022","59g17",59,"green",NA,2017,7,152,NA
"1023","59g17",59,"green",NA,2017,13,404,NA
"1024","59g17",59,"green",NA,2017,18,615,NA
"1025","59g17",59,"green",NA,2017,23,781,NA
"1026","59g17",59,"green",NA,2017,30,830,NA
"1027","59r17",59,"red",NA,2017,4,67,NA
"1028","59r17",59,"red",NA,2017,8,178,NA
"1029","59r17",59,"red",NA,2017,14,444,NA
"1030","59r17",59,"red",NA,2017,19,660,NA
"1031","59r17",59,"red",NA,2017,24,803,NA
"1032","59r17",59,"red",NA,2017,31,NA,NA
"1033","5b17",5,"blue",NA,2017,4,80,NA
"1034","5b17",5,"blue",NA,2017,10,249,NA
"1035","5b17",5,"blue",NA,2017,15,414,NA
"1036","5b17",5,"blue",NA,2017,20,526,NA
"1037","5b17",5,"blue",NA,2017,27,642,NA
"1038","5b17",5,"blue",NA,2017,30,622,NA
"1039","5bk17",5,"black",NA,2017,1,27,NA
"1040","5bk17",5,"black",NA,2017,7,74,NA
"1041","5bk17",5,"black",NA,2017,12,242,NA
"1042","5bk17",5,"black",NA,2017,17,363,NA
"1043","5bk17",5,"black",NA,2017,24,515,NA
"1044","5bk17",5,"black",NA,2017,27,518,NA
"1045","5g17",5,"green",NA,2017,3,60,NA
"1046","5g17",5,"green",NA,2017,9,234,NA
"1047","5g17",5,"green",NA,2017,14,483,NA
"1048","5g17",5,"green",NA,2017,19,643,NA
"1049","5g17",5,"green",NA,2017,26,798,NA
"1050","5g17",5,"green",NA,2017,29,781,NA
"1051","5r17",5,"red",NA,2017,5,92,NA
"1052","5r17",5,"red",NA,2017,11,274,NA
"1053","5r17",5,"red",NA,2017,16,457,NA
"1054","5r17",5,"red",NA,2017,21,566,NA
"1055","5r17",5,"red",NA,2017,28,649,NA
"1056","5r17",5,"red",NA,2017,31,643,NA
"1057","63b17",63,"blue",NA,2017,32,901,NA
"1058","63b17",63,"blue",NA,2017,5,35,NA
"1059","63b17",63,"blue",NA,2017,10,142,NA
"1060","63b17",63,"blue",NA,2017,15,324,NA
"1061","63b17",63,"blue",NA,2017,20,582,NA
"1062","63b17",63,"blue",NA,2017,26,845,NA
"1063","63g17",63,"green",NA,2017,32,753,NA
"1064","63g17",63,"green",NA,2017,5,27,NA
"1065","63g17",63,"green",NA,2017,10,78,NA
"1066","63g17",63,"green",NA,2017,15,155,NA
"1067","63g17",63,"green",NA,2017,20,360,NA
"1068","63g17",63,"green",NA,2017,26,636,NA
"1069","63r17",63,"red",NA,2017,32,573,NA
"1070","63r17",63,"red",NA,2017,5,49,NA
"1071","63r17",63,"red",NA,2017,10,157,NA
"1072","63r17",63,"red",NA,2017,15,313,NA
"1073","63r17",63,"red",NA,2017,20,472,NA
"1074","63r17",63,"red",NA,2017,26,609,NA
"1075","78b17",78,"blue",NA,2017,4,79,NA
"1076","78b17",78,"blue",NA,2017,7,154,NA
"1077","78b17",78,"blue",NA,2017,13,377,NA
"1078","78b17",78,"blue",NA,2017,17,506,NA
"1079","78b17",78,"blue",NA,2017,23,565,NA
"1080","78b17",78,"blue",NA,2017,28,620,NA
"1081","78bk17",78,"black",NA,2017,3,55,NA
"1082","78bk17",78,"black",NA,2017,6,112,NA
"1083","78bk17",78,"black",NA,2017,12,319,NA
"1084","78bk17",78,"black",NA,2017,16,451,NA
"1085","78bk17",78,"black",NA,2017,22,571,NA
"1086","78bk17",78,"black",NA,2017,27,644,NA
"1087","78g17",78,"green",NA,2017,3,57,NA
"1088","78g17",78,"green",NA,2017,6,120,NA
"1089","78g17",78,"green",NA,2017,12,326,NA
"1090","78g17",78,"green",NA,2017,16,451,NA
"1091","78g17",78,"green",NA,2017,22,588,NA
"1092","78g17",78,"green",NA,2017,27,642,NA
"1093","78r17",78,"red",NA,2017,4,80,NA
"1094","78r17",78,"red",NA,2017,7,161,NA
"1095","78r17",78,"red",NA,2017,13,377,NA
"1096","78r17",78,"red",NA,2017,17,517,NA
"1097","78r17",78,"red",NA,2017,23,576,NA
"1098","78r17",78,"red",NA,2017,28,625,NA
"1099","85r17",85,"red",NA,2017,20,583,NA
"1100","85r17",85,"red",NA,2017,4,66,NA
"1101","85r17",85,"red",NA,2017,9,193,NA
"1102","85r17",85,"red",NA,2017,14,375,NA
"1103","85r17",85,"red",NA,2017,19,515,NA
"1104","85r17",85,"red",NA,2017,25,620,NA
"1105","89b17",89,"blue",NA,2017,3,46,NA
"1106","89b17",89,"blue",NA,2017,8,160,NA
"1107","89b17",89,"blue",NA,2017,13,277,NA
"1108","89b17",89,"blue",NA,2017,19,487,NA
"1109","89b17",89,"blue",NA,2017,23,609,NA
"1110","89b17",89,"blue",NA,2017,29,595,NA
"1111","89g17",89,"green",NA,2017,1,41,NA
"1112","89g17",89,"green",NA,2017,6,162,NA
"1113","89g17",89,"green",NA,2017,11,388,NA
"1114","89r17",89,"red",NA,2017,3,52,NA
"1115","89r17",89,"red",NA,2017,8,184,NA
"1116","89r17",89,"red",NA,2017,13,352,NA
"1117","8b17",8,"blue",NA,2017,3,63,NA
"1118","8b17",8,"blue",NA,2017,15,568,NA
"1119","8b17",8,"blue",NA,2017,20,774,NA
"1120","8b17",8,"blue",NA,2017,25,908,NA
"1121","8r17",8,"red",NA,2017,5,101,NA
"1122","8r17",8,"red",NA,2017,17,668,NA
"1123","8r17",8,"red",NA,2017,22,823,NA
"1124","8r17",8,"red",NA,2017,27,898,NA
"1125","97b17",97,"blue",NA,2017,3,53.8,NA
"1126","97b17",97,"blue",NA,2017,8,202,NA
"1127","97b17",97,"blue",NA,2017,13,336,NA
"1128","97b17",97,"blue",NA,2017,18,568,NA
"1129","97bk17",97,"black",NA,2017,1,36,NA
"1130","97bk17",97,"black",NA,2017,6,114,NA
"1131","97bk17",97,"black",NA,2017,11,178,NA
"1132","97bk17",97,"black",NA,2017,16,338,NA
"1133","97g17",97,"green",NA,2017,2,57.8,NA
"1134","97g17",97,"green",NA,2017,7,196,NA
"1135","97g17",97,"green",NA,2017,12,351,NA
"1136","97g17",97,"green",NA,2017,17,544,NA
"1137","97r17",97,"red",NA,2017,3,62.8,NA
"1138","97r17",97,"red",NA,2017,8,222,NA
"1139","97r17",97,"red",NA,2017,13,420,NA
"1140","97r17",97,"red",NA,2017,18,598,NA
"1141","97r17",97,"red",NA,2017,23,818,NA
"1142","97r17",97,"red",NA,2017,28,866,NA
"1143","100b17",100,"blue",NA,2017,2,45,NA
"1144","100b17",100,"blue",NA,2017,8,181,NA
"1145","100b17",100,"blue",NA,2017,15,418,NA
"1146","100r17",100,"red",NA,2017,2,51,NA
"1147","100r17",100,"red",NA,2017,8,216,NA
"1148","100r17",100,"red",NA,2017,15,447,NA
"1149","100g17",100,"green",NA,2017,1,36,NA
"1150","100g17",100,"green",NA,2017,7,167,NA
"1151","100g17",100,"green",NA,2017,14,446,NA
"1152","100bk17",100,"white",NA,2017,6,145,NA
"1153","100bk17",100,"white",NA,2017,13,261,NA
"1154","12r17",12,"red",NA,2017,4,69,NA
"1155","12r17",12,"red",NA,2017,9,229,NA
"1156","12r17",12,"red",NA,2017,14,448,NA
"1157","12r17",12,"red",NA,2017,19,564,NA
"1158","147r17",147,"red",NA,2017,2,31,NA
"1159","147b17",147,"blue",NA,2017,2,30,NA
"1160","147b17",147,"blue",NA,2017,4,37,NA
"1161","19b17",19,"blue",NA,2017,10,221,NA
"1162","19b17",19,"blue",NA,2017,15,479,NA
"1163","19g17",19,"green",NA,2017,9,191,NA
"1164","19g17",19,"green",NA,2017,14,374,NA
"1165","19bk17",19,"white",NA,2017,9,178,NA
"1166","19bk17",19,"white",NA,2017,14,413,NA
"1167","1b17",1,"blue",NA,2017,3,58,NA
"1168","1b17",1,"blue",NA,2017,7,150,NA
"1169","1b17",1,"blue",NA,2017,11,280,NA
"1170","1b17",1,"blue",NA,2017,17,499,NA
"1171","1bk17",1,"black",NA,2017,1,34,NA
"1172","1bk17",1,"black",NA,2017,5,77,NA
"1173","1bk17",1,"black",NA,2017,9,174,NA
"1174","1bk17",1,"black",NA,2017,15,464,NA
"1175","28r17",28,"red",NA,2017,3,75,NA
"1176","28r17",28,"red",NA,2017,8,233,NA
"1177","28r17",28,"red",NA,2017,14,495,NA
"1178","28b17",28,"blue",NA,2017,3,62,NA
"1179","28b17",28,"blue",NA,2017,8,184,NA
"1180","28g17",28,"green",NA,2017,2,56,NA
"1181","28g17",28,"green",NA,2017,7,160,NA
"1182","28bk17",28,"black",NA,2017,1,34,NA
"1183","28bk17",28,"black",NA,2017,6,127,NA
"1184","75r17",75,"red",NA,2017,7,175,NA
"1185","75r17",75,"red","f",2017,12,434,NA
"1186","75r17",75,"red","f",2017,18,707,NA
"1187","75r17",75,"red","f",2017,24,865,NA
"1188","75b17",75,"blue","m",2017,5,107,NA
"1189","75b17",75,"blue","m",2017,10,329,NA
"1190","75b17",75,"blue","m",2017,16,46,NA
"1191","75b17",75,"blue","m",2017,22,578,NA
"1192","75g17",75,"green","f",2017,4,84,NA
"1193","75g17",75,"green","f",2017,9,266,NA
"1194","75g17",75,"green","f",2017,15,540,NA
"1195","75g17",75,"green","f",2017,21,736,NA
"1196","98r17",98,"red","m",2017,7,168,NA
"1197","98r17",98,"red","m",2017,24,636,NA
"1198","98b17",98,"blue","m",2017,6,137,NA
"1199","98b17",98,"blue","m",2017,23,618,NA
"1200","98g17",98,"green","f",2017,6,131,NA
"1201","98g17",98,"green","f",2017,23,902,NA
"1202","98bk17",98,"black",NA,2017,4,43,NA
"1203","100g16",100,"green",NA,2016,7,178,NA
"1204","100g16",100,"green",NA,2016,13,341,NA
"1205","100g16",100,"green",NA,2016,17,486,NA
"1206","100g16",100,"green",NA,2016,22,591,NA
"1207","100bk16",100,"black",NA,2016,4,111,NA
"1208","100bk16",100,"black",NA,2016,10,210,NA
"1209","100bk16",100,"black",NA,2016,14,385,NA
"1210","100bk16",100,"black",NA,2016,19,478,NA
"1211","130r16",130,"red",NA,2016,5,60,NA
"1212","130r16",130,"red",NA,2016,10,187,NA
"1213","130r16",130,"red",NA,2016,15,257,NA
"1214","130b16",130,"blue",NA,2016,5,56,NA
"1215","130b16",130,"blue",NA,2016,10,171,NA
"1216","130b16",130,"blue",NA,2016,15,255,NA
"1217","130g16",130,"green",NA,2016,4,50,NA
"1218","130bk16",130,"black",NA,2016,4,44,NA
"1219","19b16",19,"blue",NA,2016,1,42,NA
"1220","19b16",19,"blue",NA,2016,6,129,NA
"1221","19b16",19,"blue",NA,2016,11,283,NA
"1222","19b16",19,"blue",NA,2016,17,395,NA
"1223","19b16",19,"blue",NA,2016,21,537,NA
"1224","19b16",19,"blue",NA,2016,26,596,NA
"1225","19b16",19,"blue",NA,2016,31,607,NA
"1226","19g16",19,"blue",NA,2016,1,40,NA
"1227","19g16",19,"blue",NA,2016,6,130,NA
"1228","19g16",19,"blue",NA,2016,11,318,NA
"1229","19g16",19,"blue",NA,2016,17,482,NA
"1230","19bk16",19,"black",NA,2016,0,32,NA
"1231","19bk16",19,"black",NA,2016,5,92,NA
"1232","19bk16",19,"black",NA,2016,10,253,NA
"1233","1bk16",1,"black",NA,2016,5,53,NA
"1234","30r16",30,"red","m",2016,5,94,NA
"1235","30r16",30,"red","m",2016,10,231,NA
"1236","30r16",30,"red","m",2016,15,388,NA
"1237","30r16",30,"red","m",2016,20,519,NA
"1238","30r16",30,"red","m",2016,26,447,NA
"1239","30r16",30,"red","m",2016,30,402,NA
"1240","30b16",30,"blue","m",2016,5,84,NA
"1241","30b16",30,"blue","m",2016,10,235,NA
"1242","30b16",30,"blue","m",2016,15,444,NA
"1243","30b16",30,"blue","m",2016,20,649,NA
"1244","30b16",30,"blue","m",2016,26,592,NA
"1245","30b16",30,"blue","m",2016,30,479,NA
"1246","30r16",30,"green",NA,2016,4,65,NA
"1247","30r16",30,"green",NA,2016,9,217,NA
"1248","30r16",30,"green",NA,2016,14,380,NA
"1249","30r16",30,"green",NA,2016,19,554,NA
"1250","31r16",31,"red","m",2016,4,79,NA
"1251","31r16",31,"red","m",2016,9,207,NA
"1252","31r16",31,"red","m",2016,15,300,NA
"1253","31r16",31,"red","m",2016,19,417,NA
"1254","31r16",31,"red","m",2016,25,511,NA
"1255","31r16",31,"red","m",2016,30,600,NA
"1256","31b16",31,"blue","m",2016,4,69,NA
"1257","31b16",31,"blue","m",2016,9,180,NA
"1258","31b16",31,"blue","m",2016,15,278,NA
"1259","31b16",31,"blue","m",2016,19,393,NA
"1260","31b16",31,"blue","m",2016,25,521,NA
"1261","31b16",31,"blue","m",2016,30,610,NA
"1262","31g16",31,"green",NA,2016,1,37,NA
"1263","3b16",3,"blue",NA,2016,3,67,NA
"1264","3b16",3,"blue",NA,2016,8,178,NA
"1265","3b16",3,"blue",NA,2016,13,374,NA
"1266","3g16",3,"green",NA,2016,2,44,NA
"1267","3g16",3,"green",NA,2016,7,125,NA
"1268","3g16",3,"green",NA,2016,12,295,NA
"1269","42r16",42,"red",NA,2016,4,80,NA
"1270","42r16",42,"red",NA,2016,9,175,NA
"1271","42r16",42,"red",NA,2016,14,295,NA
"1272","42b16",42,"blue",NA,2016,3,69,NA
"1273","42b16",42,"blue",NA,2016,8,138,NA
"1274","42b16",42,"blue",NA,2016,13,287,NA
"1275","42g16",42,"green",NA,2016,1,45,NA
"1276","42g16",42,"green",NA,2016,6,111,NA
"1277","42bk16",42,"black",NA,2016,5,48,NA
"1278","58b16",58,"blue",NA,2016,1,39,NA
"1279","58b16",58,"blue",NA,2016,6,121,NA
"1280","58b16",58,"blue",NA,2016,11,336,NA
"1281","58b16",58,"blue",NA,2016,17,581,NA
"1282","58b16",58,"blue",NA,2016,21,585,NA
"1283","75bk16",75,"black",NA,2016,0,33,NA
"1284","75bk16",75,"black",NA,2016,5,106,NA
"1285","75bk16",75,"black",NA,2016,10,231,NA
"1286","75bk16",75,"black",NA,2016,15,448,NA
"1287","75bk16",75,"black",NA,2016,20,470,NA
"1288","77r16",77,"red",NA,2016,0,33,NA
"1289","77r16",77,"red",NA,2016,5,109,NA
"1290","77r16",77,"red",NA,2016,10,251,NA
"1291","77r16",77,"red",NA,2016,15,408,NA
"1292","77r16",77,"red",NA,2016,20,474,NA
"1293","77r16",77,"red",NA,2016,25,471,NA
"1294","77g16",77,"green",NA,2016,5,100,NA
"1295","77g16",77,"green",NA,2016,10,248,NA
"1296","77g16",77,"green",NA,2016,15,444,NA
"1297","77g16",77,"green",NA,2016,20,502,NA
"1298","77bk16",77,"black",NA,2016,3,47,NA
"1299","77bk16",77,"black",NA,2016,8,109,NA
"1300","77bk16",77,"black",NA,2016,13,61,NA
"1301","78b16",77,"blue",NA,2016,5,120,NA
"1302","78b16",77,"blue",NA,2016,10,10,NA
"1303","78b16",77,"blue",NA,2016,15,511,NA
"1304","78b16",77,"blue",NA,2016,20,602,NA
"1305","78b16",77,"blue",NA,2016,25,702,NA
"1306","78g16",78,"green",NA,2016,5,117,NA
"1307","78g16",78,"green",NA,2016,10,301,NA
"1308","78g16",78,"green",NA,2016,15,401,NA
"1309","78g16",78,"green",NA,2016,20,453,NA
"1310","78bk16",78,"black",NA,2016,3,66,NA
"1311","78bk16",78,"black",NA,2016,8,208,NA
"1312","78bk16",78,"black",NA,2016,12,299,NA
"1313","78bk16",78,"black",NA,2016,17,298,NA
"1314","97bk16",97,"black",NA,2016,4,58,NA
"1315","97bk16",97,"black",NA,2016,9,131,NA
"1316","20b14",20,"blue","m",2014,31,659,2014-07-11
"1317","20b14",20,"blue","m",2014,26,559,2014-07-11
"1318","20b14",20,"blue","m",2014,21,484,2014-07-11
"1319","20b14",20,"blue","m",2014,16,389,2014-07-11
"1320","20b14",20,"blue","m",2014,11,228,2014-07-11
"1321","20b14",20,"blue","m",2014,2,32,2014-07-11
"1322","20g14",20,"green","m",2014,30,642,2014-07-12
"1323","20g14",20,"green","m",2014,25,570,2014-07-12
"1324","20g14",20,"green","m",2014,20,482,2014-07-12
"1325","20g14",20,"green","m",2014,15,372,2014-07-12
"1326","20g14",20,"green","m",2014,10,176,2014-07-12
"1327","20g14",20,"green","m",2014,1,32,2014-07-12
"1328","20r14",20,"red","m",2014,29,648,2014-07-13
"1329","20r14",20,"red","m",2014,24,574,2014-07-13
"1330","20r14",20,"red","m",2014,19,493,2014-07-13
"1331","20r14",20,"red","m",2014,14,354,2014-07-13
"1332","20r14",20,"red","m",2014,9,209,2014-07-13
"1333","20bk14",20,"black","u",2014,21,350,2014-07-16
"1334","20bk14",20,"black","u",2014,16,249,2014-07-16
"1335","20bk14",20,"black","u",2014,11,168,2014-07-16
"1336","20bk14",20,"black","u",2014,6,75,2014-07-16
"1337","28b14",28,"blue","f",2014,32,608,2014-07-11
"1338","28b14",28,"blue","f",2014,25,773,2014-07-11
"1339","28b14",28,"blue","f",2014,20,678,2014-07-11
"1340","28b14",28,"blue","f",2014,15,467,2014-07-11
"1341","28b14",28,"blue","f",2014,10,249,2014-07-11
"1342","28b14",28,"blue","f",2014,5,87,2014-07-11
"1343","28r14",28,"red","m",2014,31,416,2014-07-12
"1344","28r14",28,"red","m",2014,24,544,2014-07-12
"1345","28r14",28,"red","m",2014,19,478,2014-07-12
"1346","28r14",28,"red","m",2014,14,307,2014-07-12
"1347","28r14",28,"red","m",2014,9,173,2014-07-12
"1348","28r14",28,"red","m",2014,4,60,2014-07-12
"1349","33b14",33,"blue","m",2014,30,536,2014-07-11
"1350","33b14",33,"blue","m",2014,25,435,2014-07-11
"1351","33b14",33,"blue","m",2014,20,509,2014-07-11
"1352","33b14",33,"blue","m",2014,15,452,2014-07-11
"1353","33b14",33,"blue","m",2014,10,268,2014-07-11
"1354","33b14",33,"blue","m",2014,5,109,2014-07-11
"1355","33b14",33,"blue","m",2014,2,49,2014-07-11
"1356","33r14",33,"red","u",2014,25,456,2014-07-12
"1357","33r14",33,"red","u",2014,20,605,2014-07-12
"1358","33r14",33,"red","u",2014,15,487,2014-07-12
"1359","33r14",33,"red","u",2014,10,260,2014-07-12
"1360","33r14",33,"red","u",2014,5,100,2014-07-12
"1361","33r14",33,"red","u",2014,2,45,2014-07-12
"1362","35b14",35,"blue","f",2014,30,710,2014-07-16
"1363","35b14",35,"blue","f",2014,24,548,2014-07-16
"1364","35b14",35,"blue","f",2014,19,389,2014-07-16
"1365","35b14",35,"blue","f",2014,14,251,2014-07-16
"1366","35b14",35,"blue","f",2014,4,53,2014-07-16
"1367","44b14",44,"blue","m",2014,31,526,2014-07-14
"1368","44b14",44,"blue","m",2014,29,571,2014-07-14
"1369","44b14",44,"blue","m",2014,21,486,2014-07-14
"1370","44b14",44,"blue","m",2014,16,406,2014-07-14
"1371","44b14",44,"blue","m",2014,11,220,2014-07-14
"1372","44b14",44,"blue","m",2014,6,70,2014-07-14
"1373","44b14",44,"blue","m",2014,1,34,2014-07-14
"1374","44g14",44,"green","f",2014,31,744,2014-07-14
"1375","44g14",44,"green","f",2014,29,764,2014-07-14
"1376","44g14",44,"green","f",2014,21,603,2014-07-14
"1377","44g14",44,"green","f",2014,16,477,2014-07-14
"1378","44g14",44,"green","f",2014,11,232,2014-07-14
"1379","44g14",44,"green","f",2014,6,63,2014-07-14
"1380","47b14",47,"blue","m",2014,24,511,2014-07-12
"1381","47b14",47,"blue","m",2014,19,485,2014-07-12
"1382","47b14",47,"blue","m",2014,14,369,2014-07-12
"1383","47b14",47,"blue","m",2014,9,191,2014-07-12
"1384","47b14",47,"blue","m",2014,4,58,2014-07-12
"1385","47g14",47,"green","f",2014,24,730,2014-07-12
"1386","47g14",47,"green","f",2014,19,645,2014-07-12
"1387","47g14",47,"green","f",2014,14,415,2014-07-12
"1388","47g14",47,"green","f",2014,9,186,2014-07-12
"1389","47g14",47,"green","f",2014,4,53,2014-07-12
"1390","47r14",47,"red","f",2014,23,668,2014-07-13
"1391","47r14",47,"red","f",2014,18,563,2014-07-13
"1392","47r14",47,"red","f",2014,13,386,2014-07-13
"1393","47r14",47,"red","f",2014,8,165,2014-07-13
"1394","47r14",47,"red","f",2014,3,49,2014-07-13
"1395","47bk14",47,"black","f",2014,22,548,2014-07-14
"1396","47bk14",47,"black","f",2014,17,498,2014-07-14
"1397","47bk14",47,"black","f",2014,12,285,2014-07-14
"1398","47bk14",47,"black","f",2014,7,118,2014-07-14
"1399","47bk14",47,"black","f",2014,2,33,2014-07-14
"1400","50b14",50,"blue","m",2014,29,599,2014-07-11
"1401","50b14",50,"blue","m",2014,21,511,2014-07-11
"1402","50b14",50,"blue","m",2014,16,423,2014-07-11
"1403","50b14",50,"blue","m",2014,11,235,2014-07-11
"1404","50b14",50,"blue","m",2014,6,82,2014-07-11
"1405","50b14",50,"blue","m",2014,3,44,2014-07-11
"1406","50g14",50,"green","m",2014,28,617,2014-07-12
"1407","50g14",50,"green","m",2014,20,562,2014-07-12
"1408","50g14",50,"green","m",2014,15,480,2014-07-12
"1409","50g14",50,"green","m",2014,10,262,2014-07-12
"1410","50g14",50,"green","m",2014,5,95,2014-07-12
"1411","50g14",50,"green","m",2014,2,37,2014-07-12
"1412","50r14",50,"red","f",2014,27,864,2014-07-13
"1413","50r14",50,"red","f",2014,19,648,2014-07-13
"1414","50r14",50,"red","f",2014,14,487,2014-07-13
"1415","50r14",50,"red","f",2014,9,237,2014-07-13
"1416","50r14",50,"red","f",2014,4,77,2014-07-13
"1417","50r14",50,"red","f",2014,1,34,2014-07-13
"1418","51b14",51,"blue","f",2014,30,755,2014-07-10
"1419","51b14",51,"blue","f",2014,26,661,2014-07-10
"1420","51b14",51,"blue","f",2014,21,658,2014-07-10
"1421","51b14",51,"blue","f",2014,16,468,2014-07-10
"1422","51b14",51,"blue","f",2014,11,256,2014-07-10
"1423","51b14",51,"blue","f",2014,6,82,2014-07-10
"1424","51b14",51,"blue","f",2014,1,37,2014-07-10
"1425","51g14",51,"green","f",2014,30,824,2014-07-10
"1426","51g14",51,"green","f",2014,26,746,2014-07-10
"1427","51g14",51,"green","f",2014,21,664,2014-07-10
"1428","51g14",51,"green","f",2014,16,469,2014-07-10
"1429","51g14",51,"green","f",2014,11,266,2014-07-10
"1430","51g14",51,"green","f",2014,6,86,2014-07-10
"1431","51g14",51,"green","f",2014,1,35,2014-07-10
"1432","51r14",51,"red","m",2014,29,562,2014-07-11
"1433","51r14",51,"red","m",2014,25,566,2014-07-11
"1434","51r14",51,"red","m",2014,20,479,2014-07-11
"1435","51r14",51,"red","m",2014,15,325,2014-07-11
"1436","51r14",51,"red","m",2014,10,195,2014-07-11
"1437","51r14",51,"red","m",2014,5,57,2014-07-11
"1438","67b14",67,"blue","u",2014,21,516,2014-07-11
"1439","67b14",67,"blue","u",2014,16,441,2014-07-11
"1440","67b14",67,"blue","u",2014,11,255,2014-07-11
"1441","67b14",67,"blue","u",2014,6,108,2014-07-11
"1442","67b14",67,"blue","u",2014,3,49,2014-07-11
"1443","67g14",67,"green","u",2014,21,487,2014-07-11
"1444","67g14",67,"green","u",2014,16,394,2014-07-11
"1445","67g14",67,"green","u",2014,11,218,2014-07-11
"1446","67g14",67,"green","u",2014,6,97,2014-07-11
"1447","67g14",67,"green","u",2014,3,44,2014-07-11
"1448","67r14",67,"red","f",2014,30,870,2014-07-12
"1449","67r14",67,"red","f",2014,26,806,2014-07-12
"1450","67r14",67,"red","f",2014,20,555,2014-07-12
"1451","67r14",67,"red","f",2014,15,395,2014-07-12
"1452","67r14",67,"red","f",2014,10,161,2014-07-12
"1453","67r14",67,"red","f",2014,5,60,2014-07-12
"1454","72g14",72,"green","m",2014,26,446,2014-07-16
"1455","72g14",72,"green","m",2014,19,353,2014-07-16
"1456","72g14",72,"green","m",2014,14,285,2014-07-16
"1457","72g14",72,"green","m",2014,9,153,2014-07-16
"1458","72g14",72,"green","m",2014,4,59,2014-07-16
"1459","76b14",76,"blue","f",2014,29,840,2014-07-15
"1460","76b14",76,"blue","f",2014,27,754,2014-07-15
"1461","76b14",76,"blue","f",2014,19,653,2014-07-15
"1462","76b14",76,"blue","f",2014,14,496,2014-07-15
"1463","76b14",76,"blue","f",2014,9,310,2014-07-15
"1464","76b14",76,"blue","f",2014,4,144,2014-07-15
"1465","76g14",76,"green","m",2014,29,581,2014-07-15
"1466","76g14",76,"green","m",2014,27,551,2014-07-15
"1467","76g14",76,"green","m",2014,19,458,2014-07-15
"1468","76g14",76,"green","m",2014,14,327,2014-07-15
"1469","76g14",76,"green","m",2014,9,221,2014-07-15
"1470","76g14",76,"green","m",2014,4,100,2014-07-15
"1471","77b14",77,"blue","f",2014,32,670,2014-07-10
"1472","77b14",77,"blue","f",2014,26,743,2014-07-10
"1473","77b14",77,"blue","f",2014,21,697,2014-07-10
"1474","77b14",77,"blue","f",2014,16,508,2014-07-10
"1475","77b14",77,"blue","f",2014,11,319,2014-07-10
"1476","77b14",77,"blue","f",2014,6,131,2014-07-10
"1477","77g14",77,"green","f",2014,32,630,2014-07-10
"1478","77g14",77,"green","f",2014,26,736,2014-07-10
"1479","77g14",77,"green","f",2014,21,688,2014-07-10
"1480","77g14",77,"green","f",2014,16,495,2014-07-10
"1481","77g14",77,"green","f",2014,11,296,2014-07-10
"1482","77g14",77,"green","f",2014,6,119,2014-07-10
"1483","77r14",77,"red","m",2014,31,467,2014-07-09
"1484","77r14",77,"red","m",2014,25,496,2014-07-09
"1485","77r14",77,"red","m",2014,20,489,2014-07-09
"1486","77r14",77,"red","m",2014,15,343,2014-07-09
"1487","77r14",77,"red","m",2014,10,214,2014-07-09
"1488","77r14",77,"red","m",2014,5,88,2014-07-09
"1489","79b14",79,"blue","f",2014,32,942,2014-07-10
"1490","79b14",79,"blue","f",2014,27,849,2014-07-10
"1491","79b14",79,"blue","f",2014,22,754,2014-07-10
"1492","79b14",79,"blue","f",2014,17,623,2014-07-10
"1493","79b14",79,"blue","f",2014,12,342,2014-07-10
"1494","79b14",79,"blue","f",2014,7,127,2014-07-10
"1495","79b14",79,"blue","f",2014,5,91,2014-07-10
"1496","79g14",79,"green","m",2014,25,474,2014-07-12
"1497","79g14",79,"green","m",2014,20,451,2014-07-12
"1498","79g14",79,"green","m",2014,15,377,2014-07-12
"1499","79g14",79,"green","m",2014,10,186,2014-07-12
"1500","79g14",79,"green","m",2014,5,69,2014-07-12
"1501","79g14",79,"green","m",2014,3,52,2014-07-12
"1502","79r14",79,"red","m",2014,29,614,2014-07-13
"1503","79r14",79,"red","m",2014,24,579,2014-07-13
"1504","79r14",79,"red","m",2014,19,475,2014-07-13
"1505","79r14",79,"red","m",2014,14,370,2014-07-13
"1506","79r14",79,"red","m",2014,9,174,2014-07-13
"1507","79r14",79,"red","m",2014,4,50,2014-07-13
"1508","79r14",79,"red","m",2014,2,42,2014-07-13
"1509","85b14",85,"blue","f",2014,31,813,2014-07-13
"1510","85b14",85,"blue","f",2014,27,646,2014-07-13
"1511","85b14",85,"blue","f",2014,22,519,2014-07-13
"1512","85b14",85,"blue","f",2014,16,476,2014-07-13
"1513","85b14",85,"blue","f",2014,11,274,2014-07-13
"1514","85b14",85,"blue","f",2014,6,97,2014-07-13
"1515","85b14",85,"blue","f",2014,1,35,2014-07-13
"1516","85g14",85,"green","m",2014,31,665,2014-07-13
"1517","85g14",85,"green","m",2014,27,556,2014-07-13
"1518","85g14",85,"green","m",2014,22,478,2014-07-13
"1519","85g14",85,"green","m",2014,16,421,2014-07-13
"1520","85g14",85,"green","m",2014,11,263,2014-07-13
"1521","85g14",85,"green","m",2014,6,108,2014-07-13
"1522","85g14",85,"green","m",2014,1,33,2014-07-13
"1523","85r14",85,"red","m",2014,31,597,2014-07-13
"1524","85r14",85,"red","m",2014,27,497,2014-07-13
"1525","85r14",85,"red","m",2014,22,417,2014-07-13
"1526","85r14",85,"red","m",2014,16,407,2014-07-13
"1527","85r14",85,"red","m",2014,11,234,2014-07-13
"1528","85r14",85,"red","m",2014,6,89,2014-07-13
"1529","85r14",85,"red","m",2014,1,32,2014-07-13
"1530","88g14",88,"green","m",2014,29,463,2014-07-12
"1531","88g14",88,"green","m",2014,25,498,2014-07-12
"1532","88g14",88,"green","m",2014,20,399,2014-07-12
"1533","88g14",88,"green","m",2014,15,241,2014-07-12
"1534","88g14",88,"green","m",2014,10,135,2014-07-12
"1535","88g14",88,"green","m",2014,5,69,2014-07-12
"1536","88g14",88,"green","m",2014,2,36,2014-07-12
"1537","100b14",100,"blue","m",2014,31,614,2014-07-10
"1538","100b14",100,"blue","m",2014,26,544,2014-07-10
"1539","100b14",100,"blue","m",2014,23,483,2014-07-10
"1540","100b14",100,"blue","m",2014,14,339,2014-07-10
"1541","100b14",100,"blue","m",2014,8,147,2014-07-10
"1542","100b14",100,"blue","m",2014,4,53,2014-07-10
"1543","100g14",100,"green","m",2014,31,595,2014-07-10
"1544","100g14",100,"green","m",2014,26,544,2014-07-10
"1545","100g14",100,"green","m",2014,23,534,2014-07-10
"1546","100g14",100,"green","m",2014,14,369,2014-07-10
"1547","100g14",100,"green","m",2014,8,163,2014-07-10
"1548","100g14",100,"green","m",2014,4,52,2014-07-10
"1549","100r14",100,"red","f",2014,30,831,2014-07-11
"1550","100r14",100,"red","f",2014,25,741,2014-07-11
"1551","100r14",100,"red","f",2014,22,671,2014-07-11
"1552","100r14",100,"red","f",2014,13,400,2014-07-11
"1553","100r14",100,"red","f",2014,7,157,2014-07-11
"1554","100r14",100,"red","f",2014,3,48,2014-07-11
"1555","100bk14",100,"black","f",2014,29,860,2014-07-12
"1556","100bk14",100,"black","f",2014,24,736,2014-07-12
"1557","100bk14",100,"black","f",2014,21,649,2014-07-12
"1558","100bk14",100,"black","f",2014,12,359,2014-07-12
"1559","100bk14",100,"black","f",2014,6,116,2014-07-12
"1560","100bk14",100,"black","f",2014,2,32,2014-07-12
"1561","119b14",119,"blue","f",2014,32,652,2014-07-13
"1562","119b14",119,"blue","f",2014,28,596,2014-07-13
"1563","119b14",119,"blue","f",2014,20,590,2014-07-13
"1564","119b14",119,"blue","f",2014,15,478,2014-07-13
"1565","119b14",119,"blue","f",2014,10,215,2014-07-13
"1566","119b14",119,"blue","f",2014,5,63,2014-07-13
"1567","119g14",119,"green","m",2014,27,500,2014-07-14
"1568","119g14",119,"green","m",2014,19,520,2014-07-14
"1569","119g14",119,"green","m",2014,14,410,2014-07-14
"1570","119g14",119,"green","m",2014,9,174,2014-07-14
"1571","119g14",119,"green","m",2014,4,49,2014-07-14
"1572","119r14",119,"red","m",2014,25,329,2014-07-16
"1573","119r14",119,"red","m",2014,17,379,2014-07-16
"1574","119r14",119,"red","m",2014,12,298,2014-07-16
"1575","119r14",119,"red","m",2014,7,121,2014-07-16
"1576","119r14",119,"red","m",2014,2,39,2014-07-16
"1577","12b14",12,"blue",NA,2014,1,40,2014-07-09
"1578","12b14",12,"blue",NA,2014,5,101,2014-07-09
"1579","12b14",12,"blue",NA,2014,10,311,2014-07-09
"1580","12b14",12,"blue",NA,2014,15,535,2014-07-09
"1581","12b14",12,"blue",NA,2014,20,779,2014-07-09
"1582","12b14",12,"blue",NA,2014,25,770,2014-07-09
"1583","12b14",12,"blue",NA,2014,33,816,2014-07-09
"1584","12g14",12,"green",NA,2014,0,36,2014-07-10
"1585","12g14",12,"green",NA,2014,4,86,2014-07-10
"1586","12g14",12,"green",NA,2014,9,264,2014-07-10
"1587","12g14",12,"green",NA,2014,14,435,2014-07-10
"1588","12g14",12,"green",NA,2014,19,678,2014-07-10
"1589","12g14",12,"green",NA,2014,24,703,2014-07-10
"1590","12g14",12,"green",NA,2014,32,737,2014-07-10
"1591","12r14",12,"red",NA,2014,3,42,2014-07-11
"1592","12bk14",12,"black",NA,2014,3,38,2014-07-11
"1593","12bk14",12,"black",NA,2014,7,56,2014-07-11
"1594","28g14",28,"green",NA,2014,4,76,2014-07-11
"1595","28g14",28,"green",NA,2014,9,103,2014-07-11
"1596","28g14",28,"green",NA,2014,14,190,2014-07-11
"1597","28g14",28,"green",NA,2014,19,285,2014-07-11
"1598","28bk14",28,"black",NA,2014,1,34,2014-07-15
"1599","28bk14",28,"black",NA,2014,5,64,2014-07-15
"1600","28bk14",28,"black",NA,2014,10,94,2014-07-15
"1601","33g14",33,"green",NA,2014,2,45,2014-07-11
"1602","33g14",33,"green",NA,2014,3,100,2014-07-11
"1603","33g14",33,"green",NA,2014,8,260,2014-07-11
"1604","33g14",33,"green",NA,2014,13,487,2014-07-11
"1605","33g14",33,"green",NA,2014,18,605,2014-07-11
"1606","33g14",33,"green",NA,2014,25,456,2014-07-11
